Symbol,Crawl_DividendCash,Crawl_DividendShares,DividendCash,DividendShares,Total
Total,1201,1201,744,739,
14D,0,0,0,0,0
14DN,0,0,0,0,0
1AD,0,0,0,0,0
1AE,0,0,0,0,0
1AG,0,0,0,0,0
1CG,0,0,0,0,0
1MC,1,1,1,0,3
1ST,0,0,0,0,0
1TT,1,1,0,1,3
29M,1,1,1,0,3
360,0,0,0,0,0
3DA,0,0,0,0,0
3DP,1,1,0,1,3
3MF,0,0,0,0,0
3PL,1,1,1,0,3
4DS,1,1,0,1,3
4DX,0,0,0,0,0
5EA,0,0,0,0,0
5GG,0,0,0,0,0
88E,1,1,0,1,3
8CO,0,0,0,0,0
8IH,1,1,1,0,3
8VI,1,1,0,1,3
92E,0,0,0,0,0
A11,0,0,0,0,0
A1G,0,0,0,0,0
A1M,1,1,1,1,4
A1N,1,1,1,1,4
A2B,1,1,1,0,3
A2M,0,0,0,0,0
A3D,0,0,0,0,0
A4N,0,0,0,0,0
A8G,0,0,0,0,0
AAC,1,1,1,0,3
AAJ,1,1,0,1,3
AAP,0,0,0,0,0
AAR,1,1,0,1,3
AAU,1,1,0,1,3
ABA,1,1,1,0,3
ABB,0,0,0,0,0
ABC,1,1,1,0,3
ABE,0,0,0,0,0
ABG,0,0,0,0,0
ABV,1,1,0,1,3
ABX,0,0,0,0,0
ABY,0,0,0,0,0
AC8,1,1,1,1,4
ACB,0,0,0,0,0
ACE,1,1,0,1,3
ACF,1,1,1,1,4
ACL,1,1,1,0,3
ACM,0,0,0,0,0
ACP,0,0,0,0,0
ACQ,1,1,1,0,3
ACR,1,1,1,0,3
ACS,0,0,0,0,0
ACU,1,1,1,0,3
ACW,1,1,0,1,3
AD1,0,0,0,0,0
AD8,0,0,0,0,0
ADA,1,1,1,0,3
ADC,0,0,0,0,0
ADD,1,1,0,1,3
ADG,1,1,0,1,3
ADH,1,1,1,0,3
ADN,1,1,1,1,4
ADO,1,1,0,1,3
ADR,0,0,0,0,0
ADS,1,1,0,1,3
ADT,0,0,0,0,0
ADV,1,1,0,1,3
ADX,0,0,0,0,0
ADY,1,1,0,1,3
AE1,0,0,0,0,0
AEE,1,1,0,1,3
AEF,1,1,1,1,4
AEI,0,0,0,0,0
AER,0,0,0,0,0
AEV,0,0,0,0,0
AFA,1,1,0,1,3
AFG,1,1,1,0,3
AFI,1,1,1,1,4
AFL,1,1,0,1,3
AFP,1,1,1,0,3
AFW,1,1,0,1,3
AGC,0,0,0,0,0
AGD,1,1,1,1,4
AGE,1,1,1,0,3
AGH,0,0,0,0,0
AGI,1,1,1,0,3
AGL,1,1,1,0,3
AGN,0,0,0,0,0
AGR,1,1,0,1,3
AGY,0,0,0,0,0
AHC,1,1,1,0,3
AHF,1,1,0,1,3
AHI,0,0,0,0,0
AHK,1,1,0,1,3
AHL,1,1,1,0,3
AHN,1,1,0,1,3
AHQ,0,0,0,0,0
AHX,1,1,1,0,3
AIA,1,1,1,1,4
AIB,1,1,1,1,4
AII,0,0,0,0,0
AIM,0,0,0,0,0
AIQ,1,1,1,1,4
AIS,1,1,0,1,3
AIV,1,1,0,1,3
AIZ,1,1,1,1,4
AJJ,1,1,1,1,4
AJL,1,1,1,0,3
AJQ,1,1,0,1,3
AJX,1,1,0,1,3
AJY,0,0,0,0,0
AKE,1,1,0,1,3
AKG,1,1,1,0,3
AKM,1,1,0,1,3
AKN,1,1,0,1,3
AKO,0,0,0,0,0
AKP,0,0,0,0,0
AL3,0,0,0,0,0
AL8,0,0,0,0,0
ALA,1,1,0,1,3
ALB,0,0,0,0,0
ALC,0,0,0,0,0
ALD,1,1,1,0,3
ALG,1,1,1,0,3
ALI,1,1,1,0,3
ALK,1,1,0,1,3
ALL,1,1,1,1,4
ALM,0,0,0,0,0
ALO,0,0,0,0,0
ALQ,1,1,1,1,4
ALT,0,0,0,0,0
ALU,1,1,1,1,4
ALV,0,0,0,0,0
ALX,1,1,1,0,3
ALY,0,0,0,0,0
AM7,0,0,0,0,0
AMA,1,1,1,0,3
AMC,1,1,1,1,4
AMD,1,1,1,1,4
AME,0,0,0,0,0
AMH,1,1,1,1,4
AMI,1,1,1,0,3
AML,0,0,0,0,0
AMM,0,0,0,0,0
AMN,1,1,0,1,3
AMO,1,1,1,0,3
AMP,1,1,1,0,3
AMS,0,0,0,0,0
AMT,0,0,0,0,0
AMX,0,0,0,0,0
AN1,1,1,0,1,3
AND,1,1,0,1,3
ANG,1,1,1,0,3
ANL,0,0,0,0,0
ANN,1,1,1,1,4
ANO,1,1,1,1,4
ANP,1,1,0,1,3
ANR,0,0,0,0,0
ANX,1,1,0,1,3
ANZ,1,1,1,0,3
AO1,1,1,0,1,3
AOA,0,0,0,0,0
AOF,1,1,1,0,3
AON,1,1,0,1,3
APA,1,1,1,0,3
APC,0,0,0,0,0
APE,1,1,1,1,4
APL,1,1,0,1,3
APM,1,1,1,0,3
APS,0,0,0,0,0
APW,1,1,1,1,4
APX,1,1,1,0,3
APZ,1,1,1,1,4
AQC,1,1,0,1,3
AQD,0,0,0,0,0
AQI,0,0,0,0,0
AQN,0,0,0,0,0
AQS,0,0,0,0,0
AQX,1,1,0,1,3
AQZ,1,1,1,0,3
AR1,0,0,0,0,0
AR3,0,0,0,0,0
AR9,0,0,0,0,0
ARA,1,1,1,0,3
ARB,1,1,1,1,4
ARC,1,1,1,1,4
ARD,0,0,0,0,0
ARE,0,0,0,0,0
ARF,1,1,1,0,3
ARG,1,1,1,1,4
ARL,0,0,0,0,0
ARN,0,0,0,0,0
ARR,0,0,0,0,0
ART,0,0,0,0,0
ARU,1,1,0,1,3
ARV,1,1,0,1,3
ARX,0,0,0,0,0
AS2,0,0,0,0,0
ASB,1,1,1,1,4
ASE,1,1,0,1,3
ASG,1,1,1,0,3
ASH,1,1,1,0,3
ASK,0,0,0,0,0
ASM,0,0,0,0,0
ASN,0,0,0,0,0
ASO,1,1,0,1,3
ASP,1,1,1,0,3
ASQ,1,1,0,1,3
ASR,1,1,0,1,3
ASW,1,1,1,0,3
ASX,1,1,1,0,3
AT1,0,0,0,0,0
ATA,0,0,0,0,0
ATC,1,1,0,1,3
ATH,0,0,0,0,0
ATM,1,1,1,1,4
ATP,1,1,1,0,3
ATR,1,1,1,1,4
ATS,0,0,0,0,0
ATU,0,0,0,0,0
ATV,0,0,0,0,0
ATX,1,1,0,1,3
AU1,1,1,0,1,3
AUA,0,0,0,0,0
AUB,1,1,1,0,3
AUC,1,1,1,1,4
AUE,0,0,0,0,0
AUG,0,0,0,0,0
AUH,0,0,0,0,0
AUI,1,1,1,1,4
AUK,1,1,1,1,4
AUN,0,0,0,0,0
AUQ,0,0,0,0,0
AUR,1,1,0,1,3
AUT,1,1,1,1,4
AUZ,1,1,0,1,3
AV1,0,0,0,0,0
AVA,1,1,1,0,3
AVC,1,1,1,1,4
AVD,0,0,0,0,0
AVE,0,0,0,0,0
AVG,1,1,1,1,4
AVH,1,1,0,1,3
AVJ,1,1,1,0,3
AVL,0,0,0,0,0
AVM,1,1,0,1,3
AVR,1,1,0,1,3
AVW,1,1,0,1,3
AVZ,0,0,0,0,0
AW1,0,0,0,0,0
AWC,1,1,1,1,4
AWJ,0,0,0,0,0
AX1,1,1,1,1,4
AX8,0,0,0,0,0
AXE,1,1,0,1,3
AXI,1,1,1,0,3
AXN,1,1,0,1,3
AXP,1,1,0,1,3
AYA,0,0,0,0,0
AYI,1,1,0,1,3
AYM,0,0,0,0,0
AYT,0,0,0,0,0
AZI,1,1,0,1,3
AZJ,1,1,1,0,3
AZL,1,1,0,1,3
AZS,1,1,0,1,3
AZY,0,0,0,0,0
B4P,0,0,0,0,0
BAP,1,1,1,0,3
BAS,1,1,0,1,3
BAT,1,1,0,1,3
BBC,1,1,1,0,3
BBL,1,1,1,0,3
BBN,1,1,1,0,3
BBT,0,0,0,0,0
BBX,1,1,1,1,4
BC8,0,0,0,0,0
BCA,0,0,0,0,0
BCB,1,1,0,1,3
BCC,1,1,0,1,3
BCI,1,1,1,1,4
BCK,0,0,0,0,0
BCN,1,1,1,1,4
BCT,0,0,0,0,0
BDG,0,0,0,0,0
BDM,0,0,0,0,0
BDT,0,0,0,0,0
BDX,0,0,0,0,0
BEE,0,0,0,0,0
BEL,1,1,1,0,3
BEN,1,1,1,1,4
BET,0,0,0,0,0
BEX,0,0,0,0,0
BEZ,0,0,0,0,0
BFC,1,1,1,0,3
BFG,1,1,1,0,3
BFL,1,1,1,0,3
BGA,1,1,1,0,3
BGD,0,0,0,0,0
BGE,0,0,0,0,0
BGL,1,1,0,1,3
BGP,1,1,1,0,3
BGT,0,0,0,0,0
BHD,1,1,1,0,3
BHP,1,1,1,1,4
BIM,0,0,0,0,0
BIO,0,0,0,0,0
BIR,1,1,0,1,3
BIS,1,1,1,1,4
BIT,0,0,0,0,0
BKG,0,0,0,0,0
BKI,1,1,1,1,4
BKT,1,1,0,1,3
BKW,1,1,1,1,4
BKY,1,1,0,1,3
BLD,1,1,1,1,4
BLG,0,0,0,0,0
BLU,0,0,0,0,0
BLX,1,1,1,0,3
BLY,1,1,1,1,4
BLZ,1,1,0,1,3
BM8,0,0,0,0,0
BME,0,0,0,0,0
BMG,1,1,0,1,3
BMH,0,0,0,0,0
BML,1,1,0,1,3
BMM,0,0,0,0,0
BMN,1,1,0,1,3
BMO,0,0,0,0,0
BMR,0,0,0,0,0
BMT,0,0,0,0,0
BNL,1,1,0,1,3
BNO,0,0,0,0,0
BNR,0,0,0,0,0
BNZ,0,0,0,0,0
BOA,1,1,1,0,3
BOC,1,1,1,0,3
BOD,0,0,0,0,0
BOE,1,1,0,1,3
BOL,1,1,1,1,4
BOQ,1,1,1,0,3
BOT,1,1,0,1,3
BP8,1,1,0,1,3
BPH,1,1,0,1,3
BPM,0,0,0,0,0
BPP,1,1,0,1,3
BPT,1,1,1,1,4
BRG,1,1,1,0,3
BRI,1,1,1,0,3
BRK,1,1,0,1,3
BRL,1,1,1,1,4
BRN,0,0,0,0,0
BRU,0,0,0,0,0
BRX,0,0,0,0,0
BSA,1,1,1,1,4
BSE,1,1,1,0,3
BSL,1,1,1,1,4
BSN,0,0,0,0,0
BSX,0,0,0,0,0
BTC,1,1,1,0,3
BTE,0,0,0,0,0
BTH,0,0,0,0,0
BTI,1,1,1,0,3
BTN,0,0,0,0,0
BTR,1,1,0,1,3
BUB,1,1,0,1,3
BUD,0,0,0,0,0
BUR,0,0,0,0,0
BUS,0,0,0,0,0
BUX,0,0,0,0,0
BUY,0,0,0,0,0
BVR,0,0,0,0,0
BVS,1,1,1,0,3
BWF,1,1,1,0,3
BWP,1,1,1,1,4
BWX,1,1,1,0,3
BXB,1,1,1,1,4
BXN,1,1,0,1,3
BYE,1,1,1,1,4
BYH,0,0,0,0,0
C1X,0,0,0,0,0
C29,0,0,0,0,0
C79,0,0,0,0,0
C7A,1,1,0,1,3
CAA,1,1,1,1,4
CAE,1,1,1,1,4
CAF,1,1,1,1,4
CAG,1,1,0,1,3
CAI,1,1,0,1,3
CAJ,1,1,1,0,3
CAM,1,1,1,1,4
CAN,0,0,0,0,0
CAQ,1,1,0,1,3
CAR,1,1,1,0,3
CAT,0,0,0,0,0
CAV,1,1,0,1,3
CAY,0,0,0,0,0
CAZ,1,1,1,0,3
CBA,1,1,1,0,3
CBE,0,0,0,0,0
CBH,0,0,0,0,0
CBL,0,0,0,0,0
CBO,1,1,1,0,3
CBR,0,0,0,0,0
CBY,0,0,0,0,0
CCA,0,0,0,0,0
CCE,0,0,0,0,0
CCG,0,0,0,0,0
CCO,0,0,0,0,0
CCP,1,1,1,0,3
CCR,0,0,0,0,0
CCV,1,1,1,0,3
CCX,1,1,1,1,4
CCZ,1,1,0,1,3
CD1,1,1,1,0,3
CD2,1,1,1,0,3
CD3,1,1,1,0,3
CDA,1,1,1,0,3
CDD,1,1,1,1,4
CDM,1,1,1,1,4
CDO,1,1,1,0,3
CDP,1,1,1,0,3
CDR,0,0,0,0,0
CDT,0,0,0,0,0
CDX,1,1,0,1,3
CE1,1,1,1,1,4
CEL,1,1,0,1,3
CEN,1,1,1,0,3
CF1,0,0,0,0,0
CFO,0,0,0,0,0
CG1,0,0,0,0,0
CGB,1,1,0,1,3
CGC,1,1,1,0,3
CGF,1,1,1,1,4
CGO,1,1,1,0,3
CGS,1,1,0,1,3
CHC,1,1,1,1,4
CHK,1,1,0,1,3
CHL,0,0,0,0,0
CHM,0,0,0,0,0
CHN,0,0,0,0,0
CHR,0,0,0,0,0
CHW,0,0,0,0,0
CHZ,0,0,0,0,0
CI1,1,1,1,1,4
CIA,1,1,1,1,4
CII,1,1,1,0,3
CIN,1,1,1,0,3
CIO,1,1,0,1,3
CIP,1,1,1,1,4
CIW,1,1,1,1,4
CKA,0,0,0,0,0
CKF,1,1,1,0,3
CL8,1,1,0,1,3
CLA,1,1,0,1,3
CLB,1,1,0,1,3
CLE,1,1,1,1,4
CLG,0,0,0,0,0
CLT,1,1,1,0,3
CLU,0,0,0,0,0
CLV,1,1,1,0,3
CLW,1,1,1,0,3
CLX,1,1,1,1,4
CLZ,1,1,0,1,3
CMD,1,1,0,1,3
CMG,0,0,0,0,0
CMM,1,1,0,1,3
CMO,0,0,0,0,0
CMP,1,1,1,0,3
CMW,1,1,1,0,3
CMX,0,0,0,0,0
CNB,0,0,0,0,0
CNI,1,1,1,0,3
CNJ,1,1,0,1,3
CNQ,0,0,0,0,0
CNU,1,1,1,0,3
CNW,1,1,0,1,3
COB,0,0,0,0,0
COD,0,0,0,0,0
COE,0,0,0,0,0
COF,1,1,1,0,3
COG,1,1,1,1,4
COH,1,1,1,0,3
COI,0,0,0,0,0
COL,1,1,1,0,3
COO,1,1,1,1,4
COS,1,1,1,0,3
COY,0,0,0,0,0
CPM,0,0,0,0,0
CPN,0,0,0,0,0
CPO,0,0,0,0,0
CPT,0,0,0,0,0
CPU,1,1,1,0,3
CPV,0,0,0,0,0
CQE,1,1,1,0,3
CQR,1,1,1,1,4
CR1,0,0,0,0,0
CR9,0,0,0,0,0
CRB,1,1,0,1,3
CRD,0,0,0,0,0
CRL,1,1,1,1,4
CRM,0,0,0,0,0
CRN,1,1,1,0,3
CRR,1,1,0,1,3
CRS,0,0,0,0,0
CSE,0,0,0,0,0
CSF,0,0,0,0,0
CSL,1,1,1,1,4
CSR,1,1,1,1,4
CSS,1,1,0,1,3
CST,0,0,0,0,0
CSX,0,0,0,0,0
CT1,1,1,0,1,3
CTD,1,1,1,0,3
CTE,1,1,1,1,4
CTM,1,1,0,1,3
CTN,0,0,0,0,0
CTO,0,0,0,0,0
CTP,1,1,0,1,3
CTQ,0,0,0,0,0
CTT,0,0,0,0,0
CTV,0,0,0,0,0
CU6,0,0,0,0,0
CUE,0,0,0,0,0
CUF,1,1,0,1,3
CUL,1,1,0,1,3
CUP,1,1,1,0,3
CUS,0,0,0,0,0
CUV,1,1,1,1,4
CVC,1,1,1,0,3
CVL,1,1,1,0,3
CVN,0,0,0,0,0
CVR,0,0,0,0,0
CVV,1,1,0,1,3
CVW,1,1,1,1,4
CWP,1,1,1,0,3
CWX,0,0,0,0,0
CWY,1,1,1,0,3
CXL,0,0,0,0,0
CXM,1,1,1,0,3
CXO,1,1,1,0,3
CXU,0,0,0,0,0
CXX,1,1,0,1,3
CXZ,1,1,0,1,3
CY5,0,0,0,0,0
CYC,1,1,1,1,4
CYG,1,1,1,0,3
CYL,0,0,0,0,0
CYM,1,1,0,1,3
CYP,1,1,0,1,3
CYQ,1,1,0,1,3
CZN,1,1,0,1,3
CZR,1,1,0,1,3
D2O,1,1,1,0,3
DAF,0,0,0,0,0
DAL,0,0,0,0,0
DBF,1,1,1,0,3
DBI,0,0,0,0,0
DBO,0,0,0,0,0
DC2,0,0,0,0,0
DCC,1,1,1,1,4
DCG,1,1,1,1,4
DCL,0,0,0,0,0
DCN,0,0,0,0,0
DCX,0,0,0,0,0
DDB,0,0,0,0,0
DDH,1,1,1,0,3
DDR,1,1,1,0,3
DDT,0,0,0,0,0
DEG,1,1,0,1,3
DEL,0,0,0,0,0
DEM,0,0,0,0,0
DES,0,0,0,0,0
DEV,1,1,0,1,3
DGH,1,1,1,1,4
DGL,0,0,0,0,0
DGR,1,1,1,0,3
DHG,1,1,1,0,3
DJW,1,1,1,1,4
DKM,0,0,0,0,0
DLI,0,0,0,0,0
DLM,1,1,0,1,3
DM1,0,0,0,0,0
DMC,1,1,0,1,3
DME,0,0,0,0,0
DMG,1,1,1,0,3
DMM,0,0,0,0,0
DMP,1,1,1,0,3
DNA,1,1,1,1,4
DNK,0,0,0,0,0
DOC,0,0,0,0,0
DOR,0,0,0,0,0
DOU,0,0,0,0,0
DOW,1,1,1,1,4
DRA,0,0,0,0,0
DRE,1,1,0,1,3
DRO,0,0,0,0,0
DRR,1,1,1,0,3
DRX,1,1,0,1,3
DSE,1,1,0,1,3
DSK,1,1,1,0,3
DTC,0,0,0,0,0
DTI,0,0,0,0,0
DTL,1,1,1,1,4
DTM,1,1,0,1,3
DTR,1,1,0,1,3
DTZ,1,1,0,1,3
DUB,1,1,1,1,4
DUG,0,0,0,0,0
DUI,1,1,1,1,4
DUN,0,0,0,0,0
DUR,1,1,1,0,3
DVL,0,0,0,0,0
DVP,1,1,0,1,3
DVR,1,1,1,1,4
DXB,1,1,0,1,3
DXC,1,1,1,0,3
DXI,1,1,1,0,3
DXN,0,0,0,0,0
DXS,1,1,1,1,4
DY6,0,0,0,0,0
DYL,1,1,0,1,3
DYM,0,0,0,0,0
E25,0,0,0,0,0
E33,0,0,0,0,0
E79,0,0,0,0,0
EAX,1,1,1,0,3
EBG,1,1,1,1,4
EBO,1,1,1,0,3
EBR,0,0,0,0,0
ECF,0,0,0,0,0
ECG,0,0,0,0,0
ECL,1,1,1,0,3
ECP,1,1,1,0,3
ECS,1,1,0,1,3
ECT,1,1,1,1,4
EDC,1,1,1,0,3
EDE,0,0,0,0,0
EDU,1,1,1,1,4
EDV,1,1,1,0,3
EEG,1,1,0,1,3
EEL,1,1,0,1,3
EFE,0,0,0,0,0
EG1,0,0,0,0,0
EGG,1,1,1,1,4
EGH,1,1,1,1,4
EGL,1,1,1,1,4
EGN,1,1,1,1,4
EGR,0,0,0,0,0
EGY,1,1,0,1,3
EHE,1,1,1,0,3
EHL,1,1,1,1,4
EIQ,1,1,0,1,3
EL8,1,1,0,1,3
ELD,1,1,1,1,4
ELE,1,1,0,1,3
ELS,0,0,0,0,0
ELT,1,1,0,1,3
EM2,0,0,0,0,0
EMB,1,1,1,0,3
EMC,1,1,0,1,3
EMD,0,0,0,0,0
EME,1,1,0,1,3
EMH,0,0,0,0,0
EML,1,1,0,1,3
EMN,0,0,0,0,0
EMP,1,1,0,1,3
EMR,1,1,0,1,3
EMS,0,0,0,0,0
EMT,1,1,0,1,3
EMU,1,1,0,1,3
EMUCA,0,0,0,0,0
EMV,0,0,0,0,0
ENA,1,1,0,1,3
ENN,1,1,1,0,3
ENR,1,1,1,0,3
ENT,0,0,0,0,0
ENV,1,1,0,1,3
ENX,1,1,0,1,3
EOF,0,0,0,0,0
EOL,1,1,1,0,3
EOS,0,0,0,0,0
EP1,1,1,1,0,3
EPM,0,0,0,0,0
EPX,0,0,0,0,0
EPY,1,1,1,0,3
EQE,1,1,0,1,3
EQN,0,0,0,0,0
EQR,1,1,0,1,3
EQS,0,0,0,0,0
EQT,1,1,1,0,3
EQX,1,1,0,1,3
ERA,1,1,1,0,3
ERD,0,0,0,0,0
ERG,1,1,1,0,3
ERL,0,0,0,0,0
ERM,0,0,0,0,0
ERW,0,0,0,0,0
ESK,0,0,0,0,0
ESR,1,1,0,1,3
ESS,1,1,1,1,4
ETM,0,0,0,0,0
ETR,1,1,0,1,3
EUR,1,1,0,1,3
EV1,0,0,0,0,0
EVE,0,0,0,0,0
EVG,0,0,0,0,0
EVN,1,1,1,1,4
EVO,1,1,1,1,4
EVR,1,1,0,1,3
EVS,1,1,0,1,3
EVT,1,1,1,0,3
EVZ,1,1,1,1,4
EWC,0,0,0,0,0
EX1,0,0,0,0,0
EXL,0,0,0,0,0
EXP,1,1,1,0,3
EXR,1,1,0,1,3
EYE,1,1,1,1,4
EZL,1,1,1,1,4
EZZ,1,1,1,0,3
FAL,0,0,0,0,0
FAR,1,1,1,1,4
FAU,1,1,1,1,4
FBM,0,0,0,0,0
FBR,1,1,1,1,4
FBU,1,1,1,0,3
FCL,0,0,0,0,0
FCT,1,1,0,1,3
FDR,0,0,0,0,0
FDV,0,0,0,0,0
FEG,0,0,0,0,0
FEX,1,1,1,1,4
FFF,0,0,0,0,0
FFG,1,1,1,0,3
FFI,1,1,1,0,3
FFT,1,1,1,0,3
FFX,1,1,0,1,3
FG1,0,0,0,0,0
FGG,1,1,1,0,3
FGH,1,1,0,1,3
FGL,1,1,0,1,3
FGR,1,1,1,1,4
FGX,1,1,1,1,4
FHE,1,1,0,1,3
FHS,1,1,0,1,3
FID,1,1,1,0,3
FIN,1,1,0,1,3
FLC,1,1,1,1,4
FLN,0,0,0,0,0
FLT,1,1,1,1,4
FLX,0,0,0,0,0
FME,0,0,0,0,0
FMG,1,1,1,1,4
FML,1,1,0,1,3
FND,1,1,1,1,4
FNX,1,1,0,1,3
FOR,1,1,1,0,3
FOS,1,1,1,0,3
FPC,1,1,1,0,3
FPH,1,1,1,1,4
FPP,1,1,1,0,3
FPR,1,1,1,0,3
FRB,0,0,0,0,0
FRE,0,0,0,0,0
FRI,1,1,1,0,3
FRM,0,0,0,0,0
FRS,0,0,0,0,0
FRX,0,0,0,0,0
FSA,1,1,1,1,4
FSF,1,1,1,1,4
FSG,1,1,0,1,3
FSI,1,1,1,1,4
FTC,0,0,0,0,0
FTL,0,0,0,0,0
FTZ,0,0,0,0,0
FWD,1,1,1,0,3
FXG,0,0,0,0,0
FYI,1,1,0,1,3
FZR,1,1,1,0,3
G1A,1,1,0,1,3
G50,0,0,0,0,0
G6M,0,0,0,0,0
G88,0,0,0,0,0
GAL,0,0,0,0,0
GAP,1,1,1,1,4
GAS,0,0,0,0,0
GBE,0,0,0,0,0
GBR,0,0,0,0,0
GBZ,1,1,0,1,3
GC1,1,1,1,0,3
GCI,1,1,1,0,3
GCM,0,0,0,0,0
GCR,1,1,0,1,3
GCX,1,1,0,1,3
GCY,0,0,0,0,0
GDA,1,1,0,1,3
GDC,0,0,0,0,0
GDF,1,1,1,0,3
GDG,1,1,1,0,3
GDI,1,1,1,0,3
GED,1,1,0,1,3
GEM,1,1,1,0,3
GEN,0,0,0,0,0
GES,0,0,0,0,0
GFL,0,0,0,0,0
GGE,1,1,0,1,3
GGX,0,0,0,0,0
GHY,0,0,0,0,0
GIB,1,1,1,0,3
GL1,0,0,0,0,0
GLA,1,1,0,1,3
GLB,1,1,1,1,4
GLE,1,1,1,0,3
GLH,1,1,1,1,4
GLL,1,1,0,1,3
GLN,0,0,0,0,0
GLV,1,1,0,1,3
GMD,1,1,0,1,3
GMG,1,1,1,1,4
GML,1,1,0,1,3
GMN,0,0,0,0,0
GMR,1,1,0,1,3
GNC,1,1,1,0,3
GNE,1,1,1,1,4
GNG,1,1,1,0,3
GNM,1,1,0,1,3
GNP,1,1,1,0,3
GNX,0,0,0,0,0
GO2,0,0,0,0,0
GOR,1,1,1,0,3
GOW,1,1,1,1,4
GOZ,1,1,1,1,4
GPR,1,1,0,1,3
GPS,0,0,0,0,0
GPT,1,1,1,1,4
GQG,1,1,1,0,3
GRE,0,0,0,0,0
GRL,0,0,0,0,0
GRLN,0,0,0,0,0
GRR,1,1,1,1,4
GRV,0,0,0,0,0
GRX,1,1,1,1,4
GSM,0,0,0,0,0
GSN,0,0,0,0,0
GSR,0,0,0,0,0
GSS,0,0,0,0,0
GT1,0,0,0,0,0
GTE,1,1,0,1,3
GTG,0,0,0,0,0
GTI,1,1,0,1,3
GTK,1,1,1,0,3
GTN,1,1,1,0,3
GTR,0,0,0,0,0
GUD,1,1,1,0,3
GUL,0,0,0,0,0
GVF,1,1,1,0,3
GW1,1,1,0,1,3
GWA,1,1,1,1,4
GWR,0,0,0,0,0
H2G,1,1,0,1,3
HAL,0,0,0,0,0
HAR,0,0,0,0,0
HAS,1,1,0,1,3
HAV,0,0,0,0,0
HAW,1,1,1,1,4
HCD,1,1,0,1,3
HCF,1,1,1,0,3
HCH,1,1,0,1,3
HCT,1,1,0,1,3
HCW,1,1,1,0,3
HDN,1,1,1,1,4
HE8,1,1,0,1,3
HFR,0,0,0,0,0
HFY,0,0,0,0,0
HGH,1,1,1,0,3
HGL,1,1,1,1,4
HGO,1,1,1,1,4
HGV,0,0,0,0,0
HHR,0,0,0,0,0
HIL,0,0,0,0,0
HIO,0,0,0,0,0
HIQ,0,0,0,0,0
HIT,1,1,1,0,3
HLA,1,1,1,0,3
HLI,1,1,1,1,4
HLO,1,1,1,1,4
HLS,1,1,1,0,3
HLX,1,1,0,1,3
HM1,1,1,1,0,3
HMC,1,1,1,1,4
HMD,0,0,0,0,0
HMG,0,0,0,0,0
HMI,0,0,0,0,0
HMX,1,1,1,1,4
HMY,0,0,0,0,0
HNG,1,1,1,0,3
HNR,1,1,0,1,3
HOR,0,0,0,0,0
HPC,0,0,0,0,0
HPG,0,0,0,0,0
HPI,1,1,1,0,3
HPP,1,1,1,1,4
HPR,1,1,0,1,3
HRE,0,0,0,0,0
HRN,0,0,0,0,0
HRZ,0,0,0,0,0
HSN,1,1,1,1,4
HT8,1,1,0,1,3
HTA,0,0,0,0,0
HTG,0,0,0,0,0
HTM,0,0,0,0,0
HUB,1,1,1,1,4
HUM,1,1,1,1,4
HVM,0,0,0,0,0
HVN,1,1,1,0,3
HVY,0,0,0,0,0
HXG,1,1,0,1,3
HXL,0,0,0,0,0
HYD,1,1,0,1,3
HYT,1,1,0,1,3
HZN,1,1,1,0,3
HZR,0,0,0,0,0
IAG,1,1,1,1,4
IAM,0,0,0,0,0
IBC,1,1,1,1,4
IBG,1,1,0,1,3
IBX,0,0,0,0,0
ICE,0,0,0,0,0
ICG,1,1,0,1,3
ICI,0,0,0,0,0
ICL,0,0,0,0,0
ICN,0,0,0,0,0
ICR,0,0,0,0,0
ID8,0,0,0,0,0
IDA,1,1,0,1,3
IDT,1,1,1,1,4
IDX,1,1,1,0,3
IEC,1,1,0,1,3
IEL,1,1,1,0,3
IEQ,1,1,0,1,3
IFL,1,1,1,0,3
IFM,1,1,1,0,3
IFT,1,1,1,0,3
IG6,0,0,0,0,0
IGL,1,1,1,0,3
IGN,1,1,1,0,3
IGO,1,1,1,0,3
IHL,1,1,0,1,3
IIQ,1,1,0,1,3
IKE,0,0,0,0,0
ILA,0,0,0,0,0
ILT,0,0,0,0,0
ILU,1,1,1,0,3
IMA,1,1,1,0,3
IMB,1,1,0,1,3
IMC,1,1,0,1,3
IMD,1,1,1,0,3
IME,1,1,0,1,3
IMI,0,0,0,0,0
IMM,1,1,0,1,3
IMR,0,0,0,0,0
IMU,1,1,0,1,3
INA,1,1,1,1,4
IND,0,0,0,0,0
INF,0,0,0,0,0
ING,1,1,1,0,3
INL,0,0,0,0,0
INP,1,1,1,0,3
INR,0,0,0,0,0
INV,1,1,1,1,4
IOD,1,1,0,1,3
IOU,1,1,0,1,3
IPB,0,0,0,0,0
IPC,1,1,1,0,3
IPD,1,1,0,1,3
IPG,1,1,1,0,3
IPH,1,1,1,0,3
IPL,1,1,1,1,4
IPT,1,1,1,0,3
IPX,0,0,0,0,0
IR1,0,0,0,0,0
IRD,0,0,0,0,0
IRE,1,1,1,0,3
IRI,1,1,1,0,3
IRX,0,0,0,0,0
IS3,1,1,1,0,3
ITM,0,0,0,0,0
IVC,1,1,1,0,3
IVO,0,0,0,0,0
IVR,0,0,0,0,0
IVT,1,1,1,1,4
IVX,0,0,0,0,0
IVZ,0,0,0,0,0
IXC,0,0,0,0,0
IXR,1,1,0,1,3
IXU,0,0,0,0,0
JAL,0,0,0,0,0
JAN,1,1,1,1,4
JAT,0,0,0,0,0
JAV,1,1,0,1,3
JAY,0,0,0,0,0
JBH,1,1,1,0,3
JCS,1,1,1,1,4
JDO,0,0,0,0,0
JGH,1,1,0,1,3
JHG,1,1,1,1,4
JHX,1,1,1,0,3
JIN,1,1,1,1,4
JLG,1,1,1,0,3
JMS,1,1,1,0,3
JNO,0,0,0,0,0
JPR,1,1,0,1,3
JRL,1,1,1,0,3
JRV,1,1,0,1,3
JTL,0,0,0,0,0
JXT,1,1,0,1,3
JYC,1,1,1,0,3
K2F,1,1,0,1,3
KAI,1,1,0,1,3
KAL,0,0,0,0,0
KAM,1,1,1,0,3
KAR,0,0,0,0,0
KAT,1,1,1,0,3
KAU,0,0,0,0,0
KBC,1,1,1,1,4
KCC,0,0,0,0,0
KCN,1,1,1,0,3
KDY,1,1,0,1,3
KED,0,0,0,0,0
KEY,0,0,0,0,0
KFM,0,0,0,0,0
KGD,0,0,0,0,0
KGL,1,1,0,1,3
KGN,1,1,1,0,3
KIL,1,1,0,1,3
KIN,0,0,0,0,0
KKC,1,1,1,0,3
KKO,0,0,0,0,0
KLI,0,0,0,0,0
KLL,0,0,0,0,0
KLO,0,0,0,0,0
KLR,1,1,0,1,3
KLS,1,1,1,0,3
KMD,1,1,1,0,3
KME,1,1,1,0,3
KNB,0,0,0,0,0
KNG,0,0,0,0,0
KNI,0,0,0,0,0
KNM,1,1,0,1,3
KNO,0,0,0,0,0
KOB,0,0,0,0,0
KOR,1,1,0,1,3
KOV,1,1,1,0,3
KP2,0,0,0,0,0
KPG,1,1,1,0,3
KPO,1,1,0,1,3
KRM,1,1,1,0,3
KRR,1,1,1,1,4
KSC,1,1,1,1,4
KSL,1,1,1,0,3
KSN,1,1,0,1,3
KSS,0,0,0,0,0
KTA,0,0,0,0,0
KTG,1,1,0,1,3
KYP,0,0,0,0,0
KZA,1,1,0,1,3
KZR,0,0,0,0,0
L1M,0,0,0,0,0
LAM,0,0,0,0,0
LAU,1,1,1,0,3
LAW,1,1,0,1,3
LBL,1,1,1,0,3
LBT,0,0,0,0,0
LCE,1,1,1,1,4
LCL,1,1,0,1,3
LCT,0,0,0,0,0
LCY,1,1,0,1,3
LDR,0,0,0,0,0
LDX,0,0,0,0,0
LEG,0,0,0,0,0
LEL,0,0,0,0,0
LEX,1,1,1,1,4
LFG,0,0,0,0,0
LFS,1,1,1,0,3
LGI,1,1,1,0,3
LGL,1,1,1,0,3
LGM,0,0,0,0,0
LGP,0,0,0,0,0
LHM,1,1,0,1,3
LIC,1,1,1,1,4
LIN,1,1,0,1,3
LIO,1,1,0,1,3
LIS,0,0,0,0,0
LIT,1,1,0,1,3
LKE,0,0,0,0,0
LKO,0,0,0,0,0
LKY,0,0,0,0,0
LLC,1,1,1,1,4
LLI,0,0,0,0,0
LLL,0,0,0,0,0
LLO,0,0,0,0,0
LM1,0,0,0,0,0
LM8,0,0,0,0,0
LMG,0,0,0,0,0
LML,1,1,0,1,3
LNK,1,1,1,0,3
LNR,1,1,0,1,3
LNU,0,0,0,0,0
LNW,0,0,0,0,0
LOM,1,1,0,1,3
LOT,1,1,0,1,3
LOV,1,1,1,0,3
LPD,1,1,0,1,3
LPE,1,1,0,1,3
LPI,0,0,0,0,0
LPM,0,0,0,0,0
LRD,0,0,0,0,0
LRK,1,1,0,1,3
LRL,1,1,0,1,3
LRS,1,1,0,1,3
LRT,1,1,1,1,4
LRV,0,0,0,0,0
LSA,1,1,0,1,3
LSF,1,1,1,0,3
LSR,0,0,0,0,0
LSX,1,1,1,0,3
LTR,1,1,1,0,3
LU7,1,1,0,1,3
LV1,0,0,0,0,0
LVE,0,0,0,0,0
LVH,0,0,0,0,0
LVT,1,1,0,1,3
LYC,1,1,0,1,3
LYK,0,0,0,0,0
LYL,1,1,1,0,3
LYN,0,0,0,0,0
M24,0,0,0,0,0
M2M,0,0,0,0,0
M2R,0,0,0,0,0
M3M,0,0,0,0,0
M4M,1,1,0,1,3
M7T,1,1,0,1,3
M8S,0,0,0,0,0
MAD,1,1,1,0,3
MAF,1,1,1,0,3
MAG,0,0,0,0,0
MAH,1,1,1,1,4
MAM,1,1,1,0,3
MAN,1,1,0,1,3
MAP,0,0,0,0,0
MAQ,1,1,1,1,4
MAT,1,1,1,1,4
MAU,0,0,0,0,0
MAUCA,0,0,0,0,0
MAY,1,1,0,1,3
MBH,1,1,1,1,4
MBK,1,1,0,1,3
MBX,0,0,0,0,0
MCA,1,1,1,0,3
MCE,1,1,1,0,3
MCL,0,0,0,0,0
MCM,1,1,0,1,3
MCP,1,1,1,0,3
MCT,1,1,0,1,3
MCX,1,1,1,1,4
MCY,1,1,1,1,4
MDC,1,1,0,1,3
MDI,1,1,0,1,3
MDR,1,1,0,1,3
MDX,0,0,0,0,0
ME1,0,0,0,0,0
MEA,1,1,1,0,3
MEB,1,1,0,1,3
MEC,1,1,1,0,3
MEG,0,0,0,0,0
MEI,0,0,0,0,0
MEL,0,0,0,0,0
MEM,1,1,0,1,3
MEU,0,0,0,0,0
MEZ,1,1,1,0,3
MFD,1,1,1,0,3
MFF,1,1,1,0,3
MFG,1,1,1,1,4
MGA,0,0,0,0,0
MGF,1,1,1,0,3
MGH,1,1,1,0,3
MGL,1,1,1,1,4
MGR,1,1,1,1,4
MGT,1,1,0,1,3
MGU,0,0,0,0,0
MGV,0,0,0,0,0
MGX,1,1,1,1,4
MHC,0,0,0,0,0
MHI,1,1,1,0,3
MHJ,1,1,1,0,3
MHK,0,0,0,0,0
MI6,0,0,0,0,0
MIH,0,0,0,0,0
MIL,1,1,1,0,3
MIN,1,1,1,0,3
MIO,0,0,0,0,0
MIR,1,1,1,1,4
MKG,0,0,0,0,0
MKL,0,0,0,0,0
MKR,0,0,0,0,0
MLG,1,1,1,0,3
MLM,0,0,0,0,0
MLS,1,1,0,1,3
MLX,1,1,1,1,4
MM1,0,0,0,0,0
MM8,0,0,0,0,0
MMA,0,0,0,0,0
MMC,0,0,0,0,0
MME,0,0,0,0,0
MMI,0,0,0,0,0
MMM,0,0,0,0,0
MMR,0,0,0,0,0
MMS,1,1,1,0,3
MNB,1,1,0,1,3
MND,1,1,1,1,4
MNS,0,0,0,0,0
MOB,0,0,0,0,0
MOH,0,0,0,0,0
MOM,1,1,0,1,3
MOT,1,1,1,0,3
MOV,0,0,0,0,0
MOZ,1,1,1,0,3
MP1,0,0,0,0,0
MPA,0,0,0,0,0
MPG,0,0,0,0,0
MPL,1,1,1,0,3
MPP,1,1,1,0,3
MPR,1,1,1,1,4
MPX,1,1,1,0,3
MQG,1,1,1,1,4
MQR,0,0,0,0,0
MRC,1,1,1,1,4
MRD,1,1,0,1,3
MRI,0,0,0,0,0
MRL,0,0,0,0,0
MRM,1,1,1,1,4
MRQ,0,0,0,0,0
MRR,0,0,0,0,0
MRZ,0,0,0,0,0
MSB,0,0,0,0,0
MSG,1,1,1,1,4
MSI,0,0,0,0,0
MSV,1,1,1,1,4
MTB,1,1,0,1,3
MTC,0,0,0,0,0
MTH,1,1,0,1,3
MTM,0,0,0,0,0
MTO,1,1,1,0,3
MTS,1,1,1,0,3
MVF,1,1,1,0,3
MVL,0,0,0,0,0
MVP,1,1,1,0,3
MWY,1,1,1,0,3
MX1,0,0,0,0,0
MXC,1,1,0,1,3
MXI,1,1,1,1,4
MXO,1,1,0,1,3
MXR,1,1,0,1,3
MXT,1,1,1,0,3
MYE,1,1,1,0,3
MYG,1,1,1,1,4
MYR,1,1,1,0,3
MYS,1,1,1,0,3
MYX,1,1,1,1,4
MZZ,0,0,0,0,0
N1H,1,1,1,0,3
NAB,1,1,1,0,3
NAC,1,1,1,0,3
NAE,1,1,0,1,3
NAG,0,0,0,0,0
NAM,1,1,1,0,3
NAN,0,0,0,0,0
NBI,1,1,1,0,3
NC1,0,0,0,0,0
NC6,0,0,0,0,0
NCC,1,1,1,0,3
NCK,1,1,1,0,3
NCM,1,1,1,0,3
NCR,1,1,0,1,3
NEC,1,1,1,0,3
NES,1,1,0,1,3
NET,1,1,0,1,3
NEU,1,1,0,1,3
NFL,0,0,0,0,0
NGE,1,1,0,1,3
NGI,1,1,1,1,4
NGL,0,0,0,0,0
NGS,0,0,0,0,0
NGX,0,0,0,0,0
NGY,1,1,0,1,3
NHC,1,1,1,0,3
NHE,0,0,0,0,0
NHF,1,1,1,0,3
NIC,1,1,1,0,3
NIM,0,0,0,0,0
NIS,0,0,0,0,0
NKL,0,0,0,0,0
NME,0,0,0,0,0
NML,1,1,1,0,3
NMR,0,0,0,0,0
NMT,1,1,1,0,3
NNG,0,0,0,0,0
NNL,0,0,0,0,0
NOL,0,0,0,0,0
NOR,1,1,0,1,3
NOU,1,1,1,1,4
NOV,0,0,0,0,0
NOX,0,0,0,0,0
NPM,0,0,0,0,0
NPR,1,1,1,0,3
NRX,0,0,0,0,0
NRZ,0,0,0,0,0
NSB,0,0,0,0,0
NSC,1,1,1,1,4
NSM,0,0,0,0,0
NSR,1,1,1,0,3
NST,1,1,1,1,4
NSX,1,1,0,1,3
NTD,1,1,1,0,3
NTI,0,0,0,0,0
NTL,1,1,0,1,3
NTM,1,1,0,1,3
NTU,1,1,0,1,3
NUC,0,0,0,0,0
NUF,1,1,1,0,3
NUH,1,1,0,1,3
NVA,1,1,0,1,3
NVU,0,0,0,0,0
NVX,0,0,0,0,0
NWC,1,1,0,1,3
NWF,0,0,0,0,0
NWH,1,1,1,0,3
NWL,1,1,1,0,3
NWM,0,0,0,0,0
NWS,1,1,1,0,3
NWSLV,1,1,1,0,3
NXD,1,1,0,1,3
NXG,0,0,0,0,0
NXL,0,0,0,0,0
NXM,0,0,0,0,0
NXS,0,0,0,0,0
NXT,0,0,0,0,0
NYM,0,0,0,0,0
NYR,0,0,0,0,0
NZK,1,1,1,0,3
NZM,1,1,1,0,3
NZO,1,1,1,1,4
NZS,1,1,0,1,3
OAK,1,1,0,1,3
OAR,1,1,0,1,3
OAU,1,1,0,1,3
OBL,1,1,1,1,4
OBM,1,1,0,1,3
OCA,1,1,1,0,3
OCC,0,0,0,0,0
OCL,1,1,1,0,3
OCN,0,0,0,0,0
OCT,0,0,0,0,0
OD6,0,0,0,0,0
ODA,1,1,0,1,3
ODM,0,0,0,0,0
ODY,1,1,1,1,4
OEC,1,1,0,1,3
OEL,1,1,1,1,4
OEQ,1,1,1,1,4
OFX,1,1,1,0,3
OIL,0,0,0,0,0
OJC,1,1,0,1,3
OKJ,0,0,0,0,0
OKR,0,0,0,0,0
OLH,1,1,1,0,3
OLI,0,0,0,0,0
OLL,0,0,0,0,0
OLY,1,1,0,1,3
OM1,0,0,0,0,0
OMA,0,0,0,0,0
OMH,1,1,1,1,4
OML,1,1,1,0,3
OMX,0,0,0,0,0
ONE,0,0,0,0,0
OOK,1,1,0,1,3
OPA,0,0,0,0,0
OPH,1,1,1,0,3
OPL,1,1,0,1,3
OPN,0,0,0,0,0
OPT,1,1,1,0,3
OPY,0,0,0,0,0
ORA,1,1,1,1,4
ORG,1,1,1,1,4
ORI,1,1,1,1,4
ORM,1,1,0,1,3
ORN,1,1,0,1,3
ORR,1,1,0,1,3
OSL,0,0,0,0,0
OSM,0,0,0,0,0
OSX,0,0,0,0,0
OXT,0,0,0,0,0
OZM,0,0,0,0,0
OZZ,0,0,0,0,0
PAA,1,1,0,1,3
PAB,1,1,0,1,3
PAC,1,1,1,0,3
PAI,1,1,1,0,3
PAM,0,0,0,0,0
PAN,1,1,1,0,3
PAR,0,0,0,0,0
PAT,0,0,0,0,0
PBH,0,0,0,0,0
PBL,0,0,0,0,0
PBP,1,1,1,0,3
PCG,1,1,1,0,3
PCI,1,1,1,0,3
PCK,1,1,0,1,3
PCL,1,1,0,1,3
PDI,1,1,0,1,3
PDN,0,0,0,0,0
PE1,1,1,1,0,3
PEB,0,0,0,0,0
PEC,0,0,0,0,0
PEK,1,1,0,1,3
PEN,1,1,0,1,3
PET,1,1,1,1,4
PEX,1,1,0,1,3
PFE,0,0,0,0,0
PFG,1,1,1,0,3
PFP,1,1,1,0,3
PFT,1,1,0,1,3
PGC,1,1,1,1,4
PGD,0,0,0,0,0
PGF,1,1,1,0,3
PGG,1,1,1,0,3
PGH,1,1,1,0,3
PGL,0,0,0,0,0
PGM,0,0,0,0,0
PGO,0,0,0,0,0
PGY,1,1,0,1,3
PH2,0,0,0,0,0
PHL,0,0,0,0,0
PHO,1,1,0,1,3
PIA,1,1,1,0,3
PIC,1,1,1,0,3
PIL,0,0,0,0,0
PIM,0,0,0,0,0
PIQ,0,0,0,0,0
PKD,0,0,0,0,0
PKO,1,1,0,1,3
PL3,0,0,0,0,0
PL8,1,1,1,0,3
PLG,0,0,0,0,0
PLL,1,1,1,1,4
PLS,1,1,1,1,4
PLT,0,0,0,0,0
PLY,0,0,0,0,0
PMC,1,1,1,1,4
PME,1,1,1,0,3
PMT,0,0,0,0,0
PMV,1,1,1,0,3
PNC,1,1,1,0,3
PNI,1,1,1,0,3
PNM,1,1,0,1,3
PNN,1,1,1,1,4
PNR,1,1,0,1,3
PNT,0,0,0,0,0
PNV,0,0,0,0,0
PNX,0,0,0,0,0
PO3,1,1,0,1,3
POD,0,0,0,0,0
POL,0,0,0,0,0
POS,1,1,0,1,3
POW,1,1,0,1,3
PPC,1,1,1,1,4
PPE,1,1,1,0,3
PPG,1,1,1,1,4
PPK,1,1,1,0,3
PPL,0,0,0,0,0
PPM,1,1,1,0,3
PPS,1,1,1,0,3
PPT,1,1,1,0,3
PPY,0,0,0,0,0
PR1,0,0,0,0,0
PRL,1,1,0,1,3
PRM,1,1,1,1,4
PRN,1,1,1,1,4
PRO,1,1,1,0,3
PRS,0,0,0,0,0
PRT,1,1,1,1,4
PRU,1,1,1,0,3
PRX,1,1,0,1,3
PSC,1,1,1,1,4
PSI,1,1,1,0,3
PSL,1,1,0,1,3
PSQ,1,1,1,0,3
PTL,1,1,1,1,4
PTM,1,1,1,0,3
PTR,1,1,0,1,3
PTX,1,1,0,1,3
PUA,1,1,0,1,3
PUR,1,1,0,1,3
PV1,1,1,0,1,3
PVE,0,0,0,0,0
PVL,0,0,0,0,0
PVS,0,0,0,0,0
PVT,0,0,0,0,0
PVW,0,0,0,0,0
PWH,1,1,1,0,3
PWN,0,0,0,0,0
PWR,1,1,1,0,3
PXA,0,0,0,0,0
PXS,0,0,0,0,0
PXX,1,1,0,1,3
PYC,0,0,0,0,0
QAL,1,1,1,0,3
QAN,1,1,1,1,4
QBE,1,1,1,0,3
QEM,0,0,0,0,0
QFE,0,0,0,0,0
QGL,1,1,0,1,3
QHL,1,1,0,1,3
QIP,1,1,1,0,3
QML,0,0,0,0,0
QOR,0,0,0,0,0
QPM,1,1,0,1,3
QRI,1,1,1,0,3
QUB,1,1,1,0,3
QUE,1,1,1,1,4
QVE,1,1,1,0,3
QXR,1,1,0,1,3
R3D,1,1,1,1,4
R8R,0,0,0,0,0
RAC,0,0,0,0,0
RAD,0,0,0,0,0
RAG,1,1,0,1,3
RAN,0,0,0,0,0
RAS,1,1,1,0,3
RB6,0,0,0,0,0
RBD,1,1,1,0,3
RBL,0,0,0,0,0
RBR,0,0,0,0,0
RBX,0,0,0,0,0
RC1,1,1,0,1,3
RCE,0,0,0,0,0
RCL,0,0,0,0,0
RCR,0,0,0,0,0
RCT,1,1,1,1,4
RCW,0,0,0,0,0
RDG,0,0,0,0,0
RDM,0,0,0,0,0
RDN,1,1,0,1,3
RDS,0,0,0,0,0
RDX,0,0,0,0,0
RDY,0,0,0,0,0
REA,1,1,1,0,3
REC,0,0,0,0,0
RED,1,1,0,1,3
REE,1,1,0,1,3
REG,1,1,1,0,3
REH,1,1,1,1,4
REM,0,0,0,0,0
REP,1,1,1,0,3
REX,1,1,1,0,3
REY,1,1,0,1,3
REZ,1,1,0,1,3
RF1,1,1,1,0,3
RFA,0,0,0,0,0
RFF,1,1,1,0,3
RFG,1,1,1,0,3
RFT,1,1,1,1,4
RFX,1,1,0,1,3
RG8,1,1,1,0,3
RGI,1,1,0,1,3
RGL,0,0,0,0,0
RGN,1,1,1,0,3
RGS,0,0,0,0,0
RHC,1,1,1,0,3
RHI,1,1,1,0,3
RHK,1,1,0,1,3
RHT,1,1,0,1,3
RHY,0,0,0,0,0
RIC,1,1,1,1,4
RIE,0,0,0,0,0
RIM,0,0,0,0,0
RIO,1,1,1,0,3
RKN,1,1,1,0,3
RKT,0,0,0,0,0
RLC,0,0,0,0,0
RLF,0,0,0,0,0
RLG,0,0,0,0,0
RLT,0,0,0,0,0
RMC,1,1,1,0,3
RMD,1,1,1,1,4
RMI,1,1,0,1,3
RML,0,0,0,0,0
RMS,1,1,1,0,3
RMX,1,1,0,1,3
RMY,0,0,0,0,0
RND,1,1,1,0,3
RNE,1,1,0,1,3
RNO,1,1,0,1,3
RNT,1,1,0,1,3
RNU,0,0,0,0,0
RNX,0,0,0,0,0
ROC,0,0,0,0,0
ROG,1,1,0,1,3
RON,0,0,0,0,0
ROO,0,0,0,0,0
RPG,1,1,1,0,3
RPL,1,1,1,0,3
RPM,1,1,0,1,3
RR1,0,0,0,0,0
RRL,1,1,1,1,4
RRR,0,0,0,0,0
RSG,1,1,1,1,4
RSH,1,1,0,1,3
RTE,0,0,0,0,0
RTG,0,0,0,0,0
RTH,0,0,0,0,0
RTR,0,0,0,0,0
RUL,1,1,1,0,3
RVR,0,0,0,0,0
RVS,0,0,0,0,0
RVT,0,0,0,0,0
RWC,1,1,1,0,3
RWD,1,1,0,1,3
RWL,0,0,0,0,0
RXH,0,0,0,0,0
RXL,1,1,0,1,3
RXM,1,1,0,1,3
RYD,1,1,1,0,3
RZI,0,0,0,0,0
S2R,0,0,0,0,0
S32,1,1,1,0,3
S3N,0,0,0,0,0
S66,0,0,0,0,0
SAN,0,0,0,0,0
SAU,1,1,1,1,4
SB2,0,0,0,0,0
SBM,1,1,1,1,4
SBR,1,1,0,1,3
SBW,0,0,0,0,0
SCG,1,1,1,0,3
SCL,1,1,0,1,3
SCN,0,0,0,0,0
SCT,0,0,0,0,0
SDF,1,1,1,0,3
SDG,1,1,1,1,4
SDI,1,1,1,1,4
SDR,0,0,0,0,0
SDV,1,1,0,1,3
SE1,0,0,0,0,0
SEC,1,1,1,0,3
SEG,1,1,1,1,4
SEK,1,1,1,0,3
SEN,1,1,1,0,3
SEQ,1,1,1,1,4
SER,1,1,0,1,3
SES,1,1,0,1,3
SFC,1,1,1,1,4
SFG,0,0,0,0,0
SFM,0,0,0,0,0
SFR,1,1,1,0,3
SFX,0,0,0,0,0
SGA,0,0,0,0,0
SGC,0,0,0,0,0
SGF,1,1,1,0,3
SGI,0,0,0,0,0
SGLLV,1,1,1,0,3
SGM,1,1,1,0,3
SGP,1,1,1,1,4
SGQ,1,1,0,1,3
SGR,1,1,1,0,3
SHA,1,1,1,0,3
SHE,1,1,0,1,3
SHG,0,0,0,0,0
SHJ,1,1,1,0,3
SHL,1,1,1,0,3
SHM,1,1,1,0,3
SHN,1,1,0,1,3
SHO,1,1,0,1,3
SHP,0,0,0,0,0
SHV,1,1,1,0,3
SI6,1,1,0,1,3
SIG,1,1,1,1,4
SIH,1,1,0,1,3
SIO,1,1,1,0,3
SIQ,1,1,1,0,3
SIS,0,0,0,0,0
SIT,1,1,1,0,3
SIV,1,1,1,1,4
SIX,1,1,0,1,3
SKC,1,1,1,1,4
SKF,1,1,0,1,3
SKN,0,0,0,0,0
SKO,0,0,0,0,0
SKS,1,1,1,0,3
SKT,1,1,1,1,4
SKY,1,1,0,1,3
SLA,0,0,0,0,0
SLB,0,0,0,0,0
SLC,1,1,1,0,3
SLH,1,1,1,0,3
SLM,0,0,0,0,0
SLR,0,0,0,0,0
SLS,0,0,0,0,0
SLX,0,0,0,0,0
SLZ,0,0,0,0,0
SM1,0,0,0,0,0
SMI,1,1,0,1,3
SMN,1,1,0,1,3
SMP,0,0,0,0,0
SMR,1,1,1,1,4
SMS,0,0,0,0,0
SNC,1,1,1,0,3
SND,1,1,1,0,3
SNG,0,0,0,0,0
SNL,1,1,1,0,3
SNS,1,1,0,1,3
SNX,0,0,0,0,0
SNZ,1,1,1,0,3
SOC,0,0,0,0,0
SOL,1,1,1,1,4
SOM,1,1,0,1,3
SOP,1,1,0,1,3
SOR,0,0,0,0,0
SOV,0,0,0,0,0
SP3,0,0,0,0,0
SP8,1,1,0,1,3
SPA,1,1,1,1,4
SPD,0,0,0,0,0
SPK,1,1,1,0,3
SPL,0,0,0,0,0
SPN,0,0,0,0,0
SPQ,0,0,0,0,0
SPT,0,0,0,0,0
SPX,1,1,0,1,3
SPZ,1,1,0,1,3
SQ2,0,0,0,0,0
SQX,0,0,0,0,0
SRG,1,1,1,0,3
SRH,1,1,1,0,3
SRI,1,1,0,1,3
SRJ,0,0,0,0,0
SRK,1,1,0,1,3
SRL,1,1,0,1,3
SRN,1,1,0,1,3
SRR,0,0,0,0,0
SRT,0,0,0,0,0
SRV,1,1,1,1,4
SRX,0,0,0,0,0
SRY,0,0,0,0,0
SRZ,0,0,0,0,0
SSG,1,1,1,0,3
SSH,0,0,0,0,0
SSL,0,0,0,0,0
SSM,1,1,1,1,4
SSR,1,1,1,0,3
SST,1,1,1,0,3
ST1,1,1,0,1,3
STA,1,1,0,1,3
STG,0,0,0,0,0
STK,1,1,0,1,3
STM,1,1,0,1,3
STN,0,0,0,0,0
STO,1,1,1,1,4
STP,0,0,0,0,0
STX,0,0,0,0,0
SUH,1,1,0,1,3
SUHN,0,0,0,0,0
SUL,1,1,1,0,3
SUM,0,0,0,0,0
SUN,1,1,1,1,4
SUV,1,1,0,1,3
SVG,1,1,0,1,3
SVL,1,1,0,1,3
SVM,0,0,0,0,0
SVR,1,1,1,0,3
SVW,1,1,1,0,3
SVY,1,1,1,0,3
SW1,1,1,0,1,3
SWF,0,0,0,0,0
SWM,1,1,1,0,3
SWP,1,1,0,1,3
SXE,1,1,1,0,3
SXG,0,0,0,0,0
SXL,1,1,1,1,4
SYA,1,1,0,1,3
SYM,1,1,1,0,3
SYR,0,0,0,0,0
SZL,1,1,0,1,3
T3D,1,1,0,1,3
T3K,0,0,0,0,0
T88,0,0,0,0,0
T92,0,0,0,0,0
TAH,1,1,1,0,3
TAL,1,1,0,1,3
TAM,1,1,0,1,3
TAR,1,1,0,1,3
TAS,0,0,0,0,0
TBA,0,0,0,0,0
TBN,0,0,0,0,0
TBR,1,1,1,0,3
TCF,1,1,1,0,3
TCG,1,1,0,1,3
TCL,1,1,1,0,3
TCO,1,1,1,0,3
TD1,1,1,0,1,3
TDO,0,0,0,0,0
TEE,0,0,0,0,0
TEG,0,0,0,0,0
TEK,1,1,0,1,3
TEM,0,0,0,0,0
TER,1,1,1,1,4
TFL,1,1,1,1,4
TG1,0,0,0,0,0
TG6,0,0,0,0,0
TGA,1,1,1,1,4
TGF,0,0,0,0,0
TGH,0,0,0,0,0
TGM,1,1,0,1,3
TGN,0,0,0,0,0
TGP,1,1,1,0,3
THL,0,0,0,0,0
THR,1,1,0,1,3
TI1,1,1,1,1,4
TIA,1,1,1,1,4
TIE,0,0,0,0,0
TIG,0,0,0,0,0
TIP,1,1,1,0,3
TKL,1,1,1,1,4
TKM,1,1,0,1,3
TLC,1,1,1,0,3
TLG,0,0,0,0,0
TLM,1,1,1,0,3
TLS,1,1,1,0,3
TLX,0,0,0,0,0
TMB,0,0,0,0,0
TMG,0,0,0,0,0
TMH,1,1,1,0,3
TMK,1,1,0,1,3
TML,1,1,1,1,4
TMR,0,0,0,0,0
TMS,0,0,0,0,0
TMT,0,0,0,0,0
TMX,0,0,0,0,0
TMZ,0,0,0,0,0
TNC,1,1,0,1,3
TNE,1,1,1,1,4
TNT,0,0,0,0,0
TNY,0,0,0,0,0
TOE,0,0,0,0,0
TON,0,0,0,0,0
TOP,1,1,1,1,4
TOR,0,0,0,0,0
TOT,1,1,1,0,3
TOU,0,0,0,0,0
TOY,1,1,1,1,4
TPC,1,1,1,1,4
TPD,1,1,0,1,3
TPG,1,1,1,1,4
TPW,0,0,0,0,0
TRA,1,1,1,0,3
TRE,0,0,0,0,0
TRJ,0,0,0,0,0
TRM,0,0,0,0,0
TRP,0,0,0,0,0
TRS,1,1,1,0,3
TRT,0,0,0,0,0
TRU,0,0,0,0,0
TRY,0,0,0,0,0
TSI,0,0,0,0,0
TSK,0,0,0,0,0
TSL,1,1,0,1,3
TSO,1,1,1,1,4
TTA,1,1,1,1,4
TTI,1,1,1,1,4
TTM,1,1,0,1,3
TTT,0,0,0,0,0
TUA,0,0,0,0,0
TVL,0,0,0,0,0
TVN,1,1,1,0,3
TWD,1,1,1,1,4
TWE,1,1,1,0,3
TWR,1,1,1,1,4
TYM,0,0,0,0,0
TYR,0,0,0,0,0
TYX,0,0,0,0,0
TZL,1,1,0,1,3
TZN,0,0,0,0,0
UBI,0,0,0,0,0
UBN,1,1,0,1,3
UCM,0,0,0,0,0
UMG,1,1,1,0,3
UNI,1,1,1,0,3
UNT,1,1,0,1,3
UOS,1,1,1,1,4
URF,1,1,1,0,3
URW,1,1,1,0,3
USL,0,0,0,0,0
USQ,1,1,1,0,3
UUL,0,0,0,0,0
UVA,0,0,0,0,0
VAL,1,1,0,1,3
VAR,1,1,0,1,3
VBC,1,1,1,0,3
VBS,0,0,0,0,0
VCX,1,1,1,0,3
VEA,1,1,1,1,4
VEE,1,1,1,0,3
VEN,0,0,0,0,0
VG1,1,1,1,0,3
VGL,1,1,1,1,4
VHM,0,0,0,0,0
VHT,0,0,0,0,0
VIA,0,0,0,0,0
VIG,1,1,1,0,3
VIP,1,1,1,1,4
VIT,1,1,1,0,3
VKA,0,0,0,0,0
VLS,1,1,1,1,4
VMG,1,1,1,1,4
VML,0,0,0,0,0
VMM,0,0,0,0,0
VMS,0,0,0,0,0
VMT,1,1,0,1,3
VN8,0,0,0,0,0
VNT,1,1,1,0,3
VOL,0,0,0,0,0
VPR,1,1,0,1,3
VR1,0,0,0,0,0
VR8,1,1,0,1,3
VRC,1,1,0,1,3
VRS,1,1,1,1,4
VRX,0,0,0,0,0
VSL,1,1,1,0,3
VSR,1,1,0,1,3
VTI,1,1,0,1,3
VTM,0,0,0,0,0
VTX,0,0,0,0,0
VUK,1,1,1,0,3
VUL,0,0,0,0,0
VVA,0,0,0,0,0
VYS,0,0,0,0,0
W2V,0,0,0,0,0
WA1,0,0,0,0,0
WA8,1,1,0,1,3
WAA,1,1,1,1,4
WAF,0,0,0,0,0
WAK,0,0,0,0,0
WAM,1,1,1,0,3
WAR,1,1,1,0,3
WAT,1,1,1,1,4
WAX,1,1,1,0,3
WBC,1,1,1,0,3
WBE,1,1,0,1,3
WBT,1,1,0,1,3
WC1,0,0,0,0,0
WC8,1,1,0,1,3
WCG,1,1,1,0,3
WCN,1,1,0,1,3
WDS,1,1,1,1,4
WEB,1,1,1,1,4
WEC,1,1,0,1,3
WEL,0,0,0,0,0
WES,1,1,1,1,4
WFL,1,1,0,1,3
WGB,1,1,1,0,3
WGN,1,1,1,0,3
WGR,0,0,0,0,0
WGX,1,1,1,1,4
WHC,1,1,1,0,3
WHF,1,1,1,1,4
WHK,0,0,0,0,0
WIA,1,1,0,1,3
WIAN,0,0,0,0,0
WIN,0,0,0,0,0
WKT,1,1,0,1,3
WLD,0,0,0,0,0
WLE,1,1,1,0,3
WMA,1,1,1,0,3
WMC,1,1,0,1,3
WMG,0,0,0,0,0
WMI,1,1,1,0,3
WML,1,1,0,1,3
WNR,1,1,1,1,4
WNX,0,0,0,0,0
WOA,0,0,0,0,0
WOR,1,1,1,0,3
WOT,0,0,0,0,0
WOW,1,1,1,1,4
WPR,1,1,1,1,4
WQG,1,1,1,0,3
WR1,0,0,0,0,0
WRK,0,0,0,0,0
WRM,1,1,0,1,3
WSI,1,1,0,1,3
WSP,0,0,0,0,0
WSR,0,0,0,0,0
WTC,1,1,1,0,3
WTL,1,1,1,0,3
WTN,1,1,1,0,3
WWG,0,0,0,0,0
WWI,0,0,0,0,0
WYX,1,1,0,1,3
WZR,1,1,1,1,4
X2M,0,0,0,0,0
X64,1,1,1,1,4
XAM,0,0,0,0,0
XF1,1,1,0,1,3
XGL,0,0,0,0,0
XPN,0,0,0,0,0
XRF,1,1,1,0,3
XRG,0,0,0,0,0
XRO,0,0,0,0,0
XST,1,1,0,1,3
XTC,0,0,0,0,0
XTE,1,1,0,1,3
YAL,1,1,1,1,4
YAR,1,1,0,1,3
YBR,0,0,0,0,0
YOJ,0,0,0,0,0
YOW,1,1,1,1,4
YPB,1,1,0,1,3
YRL,0,0,0,0,0
Z2U,0,0,0,0,0
ZAG,0,0,0,0,0
ZEO,1,1,0,1,3
ZER,0,0,0,0,0
ZEU,0,0,0,0,0
ZGL,1,1,1,1,4
ZIM,1,1,1,0,3
ZIP,1,1,0,1,3
ZLD,1,1,0,1,3
ZMI,1,1,0,1,3
ZMM,1,1,0,1,3
ZNC,0,0,0,0,0
ZNO,1,1,1,1,4
1PG,0,0,0,0,0
ONT,0,0,0,0,0
TPS,0,0,0,0,0
TQH,0,0,0,0,0
5GN,0,0,0,0,0
789,0,0,0,0,0
9SP,0,0,0,0,0
99L,0,0,0,0,0
ABS,0,0,0,0,0
ARI,0,0,0,0,0
MIG,0,0,0,0,0
AXL,0,0,0,0,0
AAD,0,0,0,0,0
AAT,0,0,0,0,0
SEP,0,0,0,0,0
ABN,0,0,0,0,0
ABF,0,0,0,0,0
ABL,0,0,0,0,0
ABO,0,0,0,0,0
AEG,0,0,0,0,0
AAB,0,0,0,0,0
ABT,0,0,0,0,0
AAA,1,1,1,0,3
AXS,0,0,0,0,0
ATY,0,0,0,0,0
ACN,0,0,0,0,0
AGO,0,0,0,0,0
ACX,0,0,0,0,0
ANH,0,0,0,0,0
ADU,0,0,0,0,0
ADB,0,0,0,0,0
ADE,0,0,0,0,0
ALS,0,0,0,0,0
ADI,0,0,0,0,0
ADQ,0,0,0,0,0
RAB,0,0,0,0,0
ADZ,0,0,0,0,0
ADL,0,0,0,0,0
AHG,0,0,0,0,0
APF,0,0,0,0,0
AES,0,0,0,0,0
AVI,0,0,0,0,0
AVT,0,0,0,0,0
AED,0,0,0,0,0
AQE,0,0,0,0,0
AEH,0,0,0,0,0
AFJ,0,0,0,0,0
AEB,0,0,0,0,0
AFY,0,0,0,0,0
AFM,0,0,0,0,0
AKI,0,0,0,0,0
AFQ,0,0,0,0,0
AOQ,0,0,0,0,0
AWM,0,0,0,0,0
AFT,0,0,0,0,0
APT,0,0,0,0,0
ACC,0,0,0,0,0
AGZ,0,0,0,0,0
AGJ,0,0,0,0,0
FCA,0,0,0,0,0
HOD,0,0,0,0,0
A1C,0,0,0,0,0
ENY,0,0,0,0,0
FIX,0,0,0,0,0
IDD,0,0,0,0,0
RSR,0,0,0,0,0
AHJ,0,0,0,0,0
AIR,0,0,0,0,0
AIG,0,0,0,0,0
AJM,0,0,0,0,0
AHH,0,0,0,0,0
AQG,0,0,0,0,0
AMV,0,0,0,0,0
AAY,0,0,0,0,0
AAI,0,0,0,0,0
AYN,0,0,0,0,0
LEP,0,0,0,0,0
ALF,0,0,0,0,0
AIH,0,0,0,0,0
AAN,0,0,0,0,0
ALN,0,0,0,0,0
A40,0,0,0,0,0
AKA,0,0,0,0,0
AHU,0,0,0,0,0
AGM,0,0,0,0,0
ANM,0,0,0,0,0
AGT,0,0,0,0,0
ALH,0,0,0,0,0
AOD,0,0,0,0,0
AGS,0,0,0,0,0
AEL,0,0,0,0,0
AZG,0,0,0,0,0
AVP,0,0,0,0,0
AWH,0,0,0,0,0
ALW,0,0,0,0,0
ASU,0,0,0,0,0
ARS,0,0,0,0,0
AOH,0,0,0,0,0
AXG,0,0,0,0,0
AEQ,0,0,0,0,0
AYS,0,0,0,0,0
AZD,0,0,0,0,0
AQO,0,0,0,0,0
AMB,0,0,0,0,0
AMZ,0,0,0,0,0
ABR,0,0,0,0,0
AOW,0,0,0,0,0
AUF,0,0,0,0,0
AXZ,0,0,0,0,0
ASC,0,0,0,0,0
AMK,0,0,0,0,0
AEC,0,0,0,0,0
AGF,0,0,0,0,0
ADP,0,0,0,0,0
AMQ,0,0,0,0,0
AAF,0,0,0,0,0
AIP,0,0,0,0,0
AHO,0,0,0,0,0
AMW,0,0,0,0,0
ANQ,0,0,0,0,0
AEK,0,0,0,0,0
ACI,0,0,0,0,0
AHR,0,0,0,0,0
ANT,0,0,0,0,0
ASJ,0,0,0,0,0
AS1,0,0,0,0,0
AQM,0,0,0,0,0
AGP,0,0,0,0,0
AGG,0,0,0,0,0
ANC,0,0,0,0,0
A01,0,0,0,0,0
AB1,0,0,0,0,0
ANJ,0,0,0,0,0
AZA,0,0,0,0,0
APP,0,0,0,0,0
HDF,0,0,0,0,0
AXM,0,0,0,0,0
AQQ,0,0,0,0,0
APR,0,0,0,0,0
AEZ,0,0,0,0,0
APO,0,0,0,0,0
APD,0,0,0,0,0
AOP,0,0,0,0,0
AZO,0,0,0,0,0
AOZ,0,0,0,0,0
APQ,0,0,0,0,0
APJ,0,0,0,0,0
AOY,0,0,0,0,0
AOJ,0,0,0,0,0
ATL,0,0,0,0,0
AQH,0,0,0,0,0
AQU,0,0,0,0,0
AQP,0,0,0,0,0
AQA,0,0,0,0,0
APB,0,0,0,0,0
AAG,0,0,0,0,0
AAH,0,0,0,0,0
ARQ,0,0,0,0,0
AAW,0,0,0,0,0
MRA,0,0,0,0,0
AXT,0,0,0,0,0
ARM,0,0,0,0,0
ARJ,0,0,0,0,0
AMR,0,0,0,0,0
AXV,0,0,0,0,0
AJS,0,0,0,0,0
AJF,0,0,0,0,0
AJP,0,0,0,0,0
AJR,0,0,0,0,0
AOE,0,0,0,0,0
ARW,0,0,0,0,0
YTS,0,0,0,0,0
AKW,0,0,0,0,0
AHY,0,0,0,0,0
ANS,0,0,0,0,0
AMJ,0,0,0,0,0
APH,0,0,0,0,0
AIO,0,0,0,0,0
AZQ,0,0,0,0,0
ASZ,0,0,0,0,0
AHA,0,0,0,0,0
ABU,0,0,0,0,0
AOM,0,0,0,0,0
AJD,0,0,0,0,0
DIG,0,0,0,0,0
APY,0,0,0,0,0
ANV,0,0,0,0,0
AAS,0,0,0,0,0
ASI,0,0,0,0,0
AKF,0,0,0,0,0
STC,0,0,0,0,0
ASS,0,0,0,0,0
AZT,0,0,0,0,0
AKR,0,0,0,0,0
AJA,0,0,0,0,0
ATE,0,0,0,0,0
AGB,0,0,0,0,0
ATI,0,0,0,0,0
ATQ,0,0,0,0,0
AKL,0,0,0,0,0
AOR,0,0,0,0,0
AGU,0,0,0,0,0
ABW,0,0,0,0,0
AUP,0,0,0,0,0
AXO,0,0,0,0,0
AQJ,0,0,0,0,0
AUD,0,0,0,0,0
AUS,0,0,0,0,0
AAX,0,0,0,0,0
AET,0,0,0,0,0
AST,0,0,0,0,0
ANE,0,0,0,0,0
AWG,0,0,0,0,0
AWT,0,0,0,0,0
AUL,0,0,0,0,0
AUU,0,0,0,0,0
AIL,0,0,0,0,0
ANB,0,0,0,0,0
AEO,0,0,0,0,0
AOK,0,0,0,0,0
AYX,0,0,0,0,0
ATF,0,0,0,0,0
APG,0,0,0,0,0
APV,0,0,0,0,0
AUO,0,0,0,0,0
GPD,0,0,0,0,0
AAZ,0,0,0,0,0
ALZ,0,0,0,0,0
ARH,0,0,0,0,0
AAK,0,0,0,0,0
ATB,0,0,0,0,0
ACO,0,0,0,0,0
ACD,0,0,0,0,0
ACH,0,0,0,0,0
ACG,0,0,0,0,0
ACY,0,0,0,0,0
AFU,0,0,0,0,0
AEN,0,0,0,0,0
AFF,0,0,0,0,0
AFN,0,0,0,0,0
AQF,0,0,0,0,0
ANI,0,0,0,0,0
AIC,0,0,0,0,0
AKS,0,0,0,0,0
AKT,0,0,0,0,0
AKU,0,0,0,0,0
AKX,0,0,0,0,0
AKY,0,0,0,0,0
AYD,0,0,0,0,0
AYH,0,0,0,0,0
AYJ,0,0,0,0,0
AYK,0,0,0,0,0
AYZ,0,0,0,0,0
AEP,0,0,0,0,0
ATN,0,0,0,0,0
XSE,0,0,0,0,0
AOG,0,0,0,0,0
AEY,0,0,0,0,0
AOI,0,0,0,0,0
API,0,0,0,0,0
APK,0,0,0,0,0
ABI,0,0,0,0,0
AOB,0,0,0,0,0
ATT,0,0,0,0,0
AFO,0,0,0,0,0
AUW,0,0,0,0,0
AZC,0,0,0,0,0
AWR,0,0,0,0,0
AIY,0,0,0,0,0
AIE,0,0,0,0,0
4WD,0,0,0,0,0
AZX,0,0,0,0,0
AVB,0,0,0,0,0
AVS,0,0,0,0,0
AVN,0,0,0,0,0
AVO,0,0,0,0,0
AYE,0,0,0,0,0
AWA,0,0,0,0,0
AWB,0,0,0,0,0
AWE,0,0,0,0,0
AWN,0,0,0,0,0
AWP,0,0,0,0,0
AWX,0,0,0,0,0
AXJ,0,0,0,0,0
AXA,0,0,0,0,0
AVQ,0,0,0,0,0
AZH,0,0,0,0,0
AZR,0,0,0,0,0
AZM,0,0,0,0,0
AZU,0,0,0,0,0
BBB,0,0,0,0,0
BAA,0,0,0,0,0
BEI,0,0,0,0,0
BNB,0,0,0,0,0
BAB,0,0,0,0,0
BDE,0,0,0,0,0
BQF,0,0,0,0,0
BMB,0,0,0,0,0
BGF,0,0,0,0,0
BRF,0,0,0,0,0
BBD,0,0,0,0,0
BND,0,0,0,0,0
BNG,0,0,0,0,0
BKC,0,0,0,0,0
BNS,0,0,0,0,0
BOS,0,0,0,0,0
BWA,0,0,0,0,0
BNK,0,0,0,0,0
BBA,0,0,0,0,0
BCO,0,0,0,0,0
BDC,0,0,0,0,0
BAR,0,0,0,0,0
BHO,0,0,0,0,0
BRM,0,0,0,0,0
BPR,0,0,0,0,0
BRH,0,0,0,0,0
BAE,0,0,0,0,0
BRC,0,0,0,0,0
BMS,0,0,0,0,0
BSO,0,0,0,0,0
BSR,0,0,0,0,0
BTU,0,0,0,0,0
BAX,0,0,0,0,0
BAY,0,0,0,0,0
BHV,0,0,0,0,0
BMW,0,0,0,0,0
BEP,0,0,0,0,0
BBJ,0,0,0,0,0
BPI,0,0,0,0,0
BCD,0,0,0,0,0
BHU,0,0,0,0,0
BDR,0,0,0,0,0
BHG,0,0,0,0,0
B3L,0,0,0,0,0
BEC,0,0,0,0,0
BGV,0,0,0,0,0
BHA,0,0,0,0,0
BLL,0,0,0,0,0
BXL,0,0,0,0,0
BNY,0,0,0,0,0
BNN,0,0,0,0,0
BNH,0,0,0,0,0
BNI,0,0,0,0,0
BNJ,0,0,0,0,0
BAL,0,0,0,0,0
BMP,0,0,0,0,0
BPB,0,0,0,0,0
BVM,0,0,0,0,0
BMX,0,0,0,0,0
BGO,0,0,0,0,0
BLT,0,0,0,0,0
BWR,0,0,0,0,0
BIH,0,0,0,0,0
BSS,0,0,0,0,0
BST,0,0,0,0,0
BCL,0,0,0,0,0
BSZ,0,0,0,0,0
BYI,0,0,0,0,0
BHF,0,0,0,0,0
BIY,0,0,0,0,0
BFI,0,0,0,0,0
BVT,0,0,0,0,0
BHL,0,0,0,0,0
BRV,0,0,0,0,0
BIG,0,0,0,0,0
BRY,0,0,0,0,0
BXP,0,0,0,0,0
BBG,0,0,0,0,0
GYB,0,0,0,0,0
BIN,0,0,0,0,0
BHI,0,0,0,0,0
BNC,0,0,0,0,0
BPO,0,0,0,0,0
BTA,0,0,0,0,0
BOP,0,0,0,0,0
BCY,0,0,0,0,0
BYP,0,0,0,0,0
BKM,0,0,0,0,0
BMD,0,0,0,0,0
BOK,0,0,0,0,0
BLR,0,0,0,0,0
BSP,0,0,0,0,0
BSW,0,0,0,0,0
BGG,0,0,0,0,0
BKL,0,0,0,0,0
BWD,0,0,0,0,0
BKD,0,0,0,0,0
BRT,0,0,0,0,0
BLK,0,0,0,0,0
BGH,0,0,0,0,0
BLV,0,0,0,0,0
BIV,0,0,0,0,0
BLE,0,0,0,0,0
BCR,0,0,0,0,0
BLA,0,0,0,0,0
BTT,0,0,0,0,0
BEG,0,0,0,0,0
BUE,0,0,0,0,0
BMK,0,0,0,0,0
BMF,0,0,0,0,0
BMU,0,0,0,0,0
BAH,0,0,0,0,0
BSG,0,0,0,0,0
BON,0,0,0,0,0
BFS,0,0,0,0,0
BBR,0,0,0,0,0
BTK,0,0,0,0,0
BTY,0,0,0,0,0
B2Y,0,0,0,0,0
BNT,0,0,0,0,0
BOW,0,0,0,0,0
BWN,0,0,0,0,0
BRP,0,0,0,0,0
BBY,0,0,0,0,0
BKN,0,0,0,0,0
BRE,0,0,0,0,0
BRD,0,0,0,0,0
BIL,0,0,0,0,0
BDL,0,0,0,0,0
BVA,0,0,0,0,0
BRZ,0,0,0,0,0
BZL,0,0,0,0,0
BRW,0,0,0,0,0
BRB,0,0,0,0,0
BPK,0,0,0,0,0
BGN,0,0,0,0,0
BNP,0,0,0,0,0
BSI,0,0,0,0,0
BDS,0,0,0,0,0
BYL,0,0,0,0,0
XQF,0,0,0,0,0
BTV,0,0,0,0,0
BCS,0,0,0,0,0
BRS,0,0,0,0,0
BBS,0,0,0,0,0
BAM,0,0,0,0,0
BRO,0,0,0,0,0
BKR,0,0,0,0,0
BHH,0,0,0,0,0
BHM,0,0,0,0,0
BAO,0,0,0,0,0
BPA,0,0,0,0,0
BZA,0,0,0,0,0
BZB,0,0,0,0,0
BBH,0,0,0,0,0
BMC,0,0,0,0,0
BHT,0,0,0,0,0
BTP,0,0,0,0,0
BTM,0,0,0,0,0
BTS,0,0,0,0,0
BTL,0,0,0,0,0
BIQ,0,0,0,0,0
BKA,0,0,0,0,0
BPF,0,0,0,0,0
BUN,0,0,0,0,0
BPS,0,0,0,0,0
BPC,0,0,0,0,0
BSD,0,0,0,0,0
BLS,0,0,0,0,0
BUC,0,0,0,0,0
BYN,0,0,0,0,0
BPG,0,0,0,0,0
CCB,0,0,0,0,0
CTZ,0,0,0,0,0
CWO,0,0,0,0,0
CWS,0,0,0,0,0
CBS,0,0,0,0,0
CGY,0,0,0,0,0
XQI,0,0,0,0,0
CAL,0,0,0,0,0
CCD,0,0,0,0,0
CGH,0,0,0,0,0
CIX,0,0,0,0,0
CLN,0,0,0,0,0
CBI,0,0,0,0,0
CBM,0,0,0,0,0
CPE,0,0,0,0,0
CTC,0,0,0,0,0
CAH,0,0,0,0,0
CDL,0,0,0,0,0
XCC,0,0,0,0,0
CBT,0,0,0,0,0
CNE,0,0,0,0,0
CNR,0,0,0,0,0
CP1,0,0,0,0,0
CPY,0,0,0,0,0
CBX,0,0,0,0,0
CPD,0,0,0,0,0
CAP,0,0,0,0,0
CZZ,0,0,0,0,0
CCY,0,0,0,0,0
CCT,0,0,0,0,0
CIL,0,0,0,0,0
CMY,0,0,0,0,0
CSO,0,0,0,0,0
CVT,0,0,0,0,0
CLR,0,0,0,0,0
CBD,0,0,0,0,0
CNX,0,0,0,0,0
CDV,0,0,0,0,0
CAD,0,0,0,0,0
CCW,0,0,0,0,0
CKL,0,0,0,0,0
CBU,0,0,0,0,0
CCC,0,0,0,0,0
CHY,0,0,0,0,0
CGR,0,0,0,0,0
CSH,0,0,0,0,0
CRW,0,0,0,0,0
CZI,0,0,0,0,0
CHD,0,0,0,0,0
CFI,0,0,0,0,0
CGT,0,0,0,0,0
CRU,0,0,0,0,0
CXD,0,0,0,0,0
CBK,0,0,0,0,0
CBC,0,0,0,0,0
CCK,0,0,0,0,0
CEG,0,0,0,0,0
CLS,0,0,0,0,0
CNT,0,0,0,0,0
CTR,0,0,0,0,0
CET,0,0,0,0,0
CUR,0,0,0,0,0
CEY,0,0,0,0,0
CTL,0,0,0,0,0
CEQ,0,0,0,0,0
CMS,0,0,0,0,0
CNG,0,0,0,0,0
CPK,0,0,0,0,0
CVG,0,0,0,0,0
CEP,0,0,0,0,0
CER,0,0,0,0,0
CMB,0,0,0,0,0
CUA,0,0,0,0,0
CYA,0,0,0,0,0
CDG,0,0,0,0,0
CFU,0,0,0,0,0
CJO,0,0,0,0,0
CFK,0,0,0,0,0
CGX,0,0,0,0,0
CHX,0,0,0,0,0
CMA,0,0,0,0,0
CDI,0,0,0,0,0
CFG,0,0,0,0,0
CIF,0,0,0,0,0
CLI,0,0,0,0,0
CKT,0,0,0,0,0
CLJ,0,0,0,0,0
CGP,0,0,0,0,0
CWT,0,0,0,0,0
CHB,0,0,0,0,0
CNC,0,0,0,0,0
CHP,0,0,0,0,0
CTI,0,0,0,0,0
CQO,0,0,0,0,0
CHT,0,0,0,0,0
CMN,0,0,0,0,0
CHF,0,0,0,0,0
CTW,0,0,0,0,0
CRH,0,0,0,0,0
CMQ,0,0,0,0,0
CXS,0,0,0,0,0
CQC,0,0,0,0,0
CVB,0,0,0,0,0
CKP,0,0,0,0,0
CWC,0,0,0,0,0
CHG,0,0,0,0,0
CDC,0,0,0,0,0
CIH,0,0,0,0,0
CEH,0,0,0,0,0
CHI,0,0,0,0,0
CJG,0,0,0,0,0
CMC,0,0,0,0,0
CHE,0,0,0,0,0
CRX,0,0,0,0,0
CNH,0,0,0,0,0
CHO,0,0,0,0,0
CDH,0,0,0,0,0
CIM,0,0,0,0,0
CTH,0,0,0,0,0
CGG,0,0,0,0,0
CIE,0,0,0,0,0
SSB,0,0,0,0,0
CZF,0,0,0,0,0
CIY,0,0,0,0,0
CYR,0,0,0,0,0
CYS,0,0,0,0,0
CWH,0,0,0,0,0
CYO,0,0,0,0,0
CL1,0,0,0,0,0
CLP,0,0,0,0,0
CMT,0,0,0,0,0
CVA,0,0,0,0,0
CCN,0,0,0,0,0
CFY,0,0,0,0,0
CPR,0,0,0,0,0
CLO,0,0,0,0,0
CLY,0,0,0,0,0
CMV,0,0,0,0,0
CHV,0,0,0,0,0
CNP,0,0,0,0,0
CNA,0,0,0,0,0
CPL,0,0,0,0,0
CWK,0,0,0,0,0
CAX,0,0,0,0,0
CA8,0,0,0,0,0
COA,0,0,0,0,0
CGW,0,0,0,0,0
CO1,0,0,0,0,0
CCU,0,0,0,0,0
CCL,0,0,0,0,0
COK,0,0,0,0,0
CKC,0,0,0,0,0
CXC,0,0,0,0,0
CDE,0,0,0,0,0
CVH,0,0,0,0,0
CLD,0,0,0,0,0
CGJ,0,0,0,0,0
CLH,0,0,0,0,0
CNL,0,0,0,0,0
COT,0,0,0,0,0
COC,0,0,0,0,0
CFD,0,0,0,0,0
CFT,0,0,0,0,0
CMF,0,0,0,0,0
CPH,0,0,0,0,0
CEC,0,0,0,0,0
CDF,0,0,0,0,0
CIG,0,0,0,0,0
CPA,0,0,0,0,0
COJ,0,0,0,0,0
CEI,0,0,0,0,0
CFF,0,0,0,0,0
CPS,0,0,0,0,0
CXH,0,0,0,0,0
CMR,0,0,0,0,0
CPW,0,0,0,0,0
CRE,0,0,0,0,0
COM,0,0,0,0,0
CLF,0,0,0,0,0
CDB,0,0,0,0,0
CME,0,0,0,0,0
CEU,0,0,0,0,0
CQT,0,0,0,0,0
CWL,0,0,0,0,0
CGI,0,0,0,0,0
CGM,0,0,0,0,0
CMJ,0,0,0,0,0
CSM,0,0,0,0,0
CRC,0,0,0,0,0
CRT,0,0,0,0,0
CSD,0,0,0,0,0
CCQ,0,0,0,0,0
CVF,0,0,0,0,0
CM1,0,0,0,0,0
CES,0,0,0,0,0
CXR,0,0,0,0,0
C6C,0,0,0,0,0
CUO,0,0,0,0,0
CFH,0,0,0,0,0
CUK,0,0,0,0,0
CXP,0,0,0,0,0
CRP,0,0,0,0,0
CTS,0,0,0,0,0
CRI,0,0,0,0,0
COV,0,0,0,0,0
CHQ,0,0,0,0,0
COU,0,0,0,0,0
CTY,0,0,0,0,0
CCJ,0,0,0,0,0
CVY,0,0,0,0,0
CVO,0,0,0,0,0
COW,0,0,0,0,0
CPI,0,0,0,0,0
CRG,0,0,0,0,0
CEW,0,0,0,0,0
CGN,0,0,0,0,0
CSJ,0,0,0,0,0
CSW,0,0,0,0,0
CSU,0,0,0,0,0
CWN,0,0,0,0,0
CRV,0,0,0,0,0
CUX,0,0,0,0,0
CSK,0,0,0,0,0
CRO,0,0,0,0,0
CZC,0,0,0,0,0
cuh,0,0,0,0,0
CU1,0,0,0,0,0
CU2,0,0,0,0,0
CTK,0,0,0,0,0
CTU,0,0,0,0,0
CTJ,0,0,0,0,0
CRF,0,0,0,0,0
CSV,0,0,0,0,0
CDU,0,0,0,0,0
CUD,0,0,0,0,0
CSG,0,0,0,0,0
CMK,0,0,0,0,0
CUY,0,0,0,0,0
CJT,0,0,0,0,0
CVI,0,0,0,0,0
CLK,0,0,0,0,0
CYT,0,0,0,0,0
DTO,0,0,0,0,0
DAU,0,0,0,0,0
DCA,0,0,0,0,0
DHL,0,0,0,0,0
DFI,0,0,0,0,0
DLY,0,0,0,0,0
DGY,0,0,0,0,0
DNS,0,0,0,0,0
DAN,0,0,0,0,0
DKS,0,0,0,0,0
DNI,0,0,0,0,0
DBS,0,0,0,0,0
DTV,0,0,0,0,0
DPT,0,0,0,0,0
JDL,0,0,0,0,0
DTE,0,0,0,0,0
DAT,0,0,0,0,0
DJS,0,0,0,0,0
DBR,0,0,0,0,0
DWS,0,0,0,0,0
DCI,0,0,0,0,0
DCF,0,0,0,0,0
DVC,0,0,0,0,0
DET,0,0,0,0,0
DEA,0,0,0,0,0
DSX,0,0,0,0,0
DGM,0,0,0,0,0
DFM,0,0,0,0,0
D13,0,0,0,0,0
DCP,0,0,0,0,0
DGD,0,0,0,0,0
DSB,0,0,0,0,0
DWT,0,0,0,0,0
DMS,0,0,0,0,0
DRM,0,0,0,0,0
DHU,0,0,0,0,0
DNH,0,0,0,0,0
DRS,0,0,0,0,0
DEN,0,0,0,0,0
DNX,0,0,0,0,0
DPF,0,0,0,0,0
DTF,0,0,0,0,0
DTA,0,0,0,0,0
DBA,0,0,0,0,0
DSL,0,0,0,0,0
DRI,0,0,0,0,0
DVE,0,0,0,0,0
DVH,0,0,0,0,0
DVN,0,0,0,0,0
DEX,0,0,0,0,0
DXR,0,0,0,0,0
DGA,0,0,0,0,0
DGO,0,0,0,0,0
DRL,0,0,0,0,0
DID,0,0,0,0,0
DXF,0,0,0,0,0
DIO,0,0,0,0,0
DGX,0,0,0,0,0
DAC,0,0,0,0,0
DIR,0,0,0,0,0
DML,0,0,0,0,0
DIP,0,0,0,0,0
DIS,0,0,0,0,0
DPA,0,0,0,0,0
DVA,0,0,0,0,0
DMR,0,0,0,0,0
DJP,0,0,0,0,0
JOD,0,0,0,0,0
DKN,0,0,0,0,0
DMX,0,0,0,0,0
DBN,0,0,0,0,0
DWL,0,0,0,0,0
DOM,0,0,0,0,0
DGF,0,0,0,0,0
DTS,0,0,0,0,0
DRD,0,0,0,0,0
DHB,0,0,0,0,0
DN8,0,0,0,0,0
DLS,0,0,0,0,0
DAZ,0,0,0,0,0
DAO,0,0,0,0,0
DAE,0,0,0,0,0
DAQ,0,0,0,0,0
DSH,0,0,0,0,0
DSQ,0,0,0,0,0
DTX,0,0,0,0,0
DUE,0,0,0,0,0
DKG,0,0,0,0,0
DKE,0,0,0,0,0
DLX,0,0,0,0,0
DFS,0,0,0,0,0
DMA,0,0,0,0,0
DXL,0,0,0,0,0
DYN,0,0,0,0,0
EAL,0,0,0,0,0
EBS,0,0,0,0,0
E3S,0,0,0,0,0
EHH,0,0,0,0,0
EAG,0,0,0,0,0
EEI,0,0,0,0,0
ESL,0,0,0,0,0
EAC,0,0,0,0,0
EEM,0,0,0,0,0
EER,0,0,0,0,0
EWE,0,0,0,0,0
ECH,0,0,0,0,0
ESC,0,0,0,0,0
EAM,0,0,0,0,0
EGA,0,0,0,0,0
ENG,0,0,0,0,0
ESG,0,0,0,0,0
EZY,0,0,0,0,0
ECI,0,0,0,0,0
EAR,0,0,0,0,0
ECO,0,0,0,0,0
ECV,0,0,0,0,0
EDT,0,0,0,0,0
ETG,0,0,0,0,0
EDL,0,0,0,0,0
EFC,0,0,0,0,0
EFT,0,0,0,0,0
EGO,0,0,0,0,0
ERC,0,0,0,0,0
EIS,0,0,0,0,0
EKS,0,0,0,0,0
EIM,0,0,0,0,0
ERF,0,0,0,0,0
EAU,0,0,0,0,0
EEA,0,0,0,0,0
XNA,0,0,0,0,0
EMM,0,0,0,0,0
EEC,0,0,0,0,0
ELC,0,0,0,0,0
ELM,0,0,0,0,0
ELK,0,0,0,0,0
EDN,0,0,0,0,0
ELL,0,0,0,0,0
EAI,0,0,0,0,0
EGF,0,0,0,0,0
EGI,0,0,0,0,0
ELO,0,0,0,0,0
ELR,0,0,0,0,0
ELI,0,0,0,0,0
EMA,0,0,0,0,0
EMI,0,0,0,0,0
EPD,0,0,0,0,0
ENC,0,0,0,0,0
EOC,0,0,0,0,0
ENB,0,0,0,0,0
ENE,0,0,0,0,0
EOG,0,0,0,0,0
ENK,0,0,0,0,0
EXO,0,0,0,0,0
ENS,0,0,0,0,0
E88,0,0,0,0,0
EIL,0,0,0,0,0
EVM,0,0,0,0,0
ERS,0,0,0,0,0
EON,0,0,0,0,0
EOR,0,0,0,0,0
EPC,0,0,0,0,0
EPA,0,0,0,0,0
EPO,0,0,0,0,0
EPS,0,0,0,0,0
EPG,0,0,0,0,0
EQM,0,0,0,0,0
EQI,0,0,0,0,0
EQK,0,0,0,0,0
EPI,0,0,0,0,0
EII,0,0,0,0,0
EWN,0,0,0,0,0
EPW,0,0,0,0,0
ESE,0,0,0,0,0
EPF,0,0,0,0,0
ZCN,0,0,0,0,0
ZOZ,0,0,0,0,0
EBF,0,0,0,0,0
EKA,0,0,0,0,0
EYT,0,0,0,0,0
EUZ,0,0,0,0,0
EIG,0,0,0,0,0
EAF,0,0,0,0,0
EFF,0,0,0,0,0
EGD,0,0,0,0,0
EDI,0,0,0,0,0
EFG,0,0,0,0,0
EVF,0,0,0,0,0
EGX,0,0,0,0,0
EXC,0,0,0,0,0
EXG,0,0,0,0,0
EXS,0,0,0,0,0
ETA,0,0,0,0,0
EXI,0,0,0,0,0
EXX,0,0,0,0,0
ERX,0,0,0,0,0
EXU,0,0,0,0,0
EXT,1,1,0,1,3
EXN,0,0,0,0,0
EPL,0,0,0,0,0
FAC,0,0,0,0,0
FAI,0,0,0,0,0
FLL,0,0,0,0,0
FNR,0,0,0,0,0
FXJ,0,0,0,0,0
FHP,0,0,0,0,0
FAS,0,0,0,0,0
FAN,0,0,0,0,0
FFC,0,0,0,0,0
FDL,0,0,0,0,0
FRT,0,0,0,0,0
FCO,0,0,0,0,0
FE8,0,0,0,0,0
FEI,0,0,0,0,0
FTI,0,0,0,0,0
FHF,0,0,0,0,0
FDW,0,0,0,0,0
FPS,0,0,0,0,0
FTH,0,0,0,0,0
FNA,0,0,0,0,0
FCR,0,0,0,0,0
FMH,0,0,0,0,0
FFR,0,0,0,0,0
FSE,0,0,0,0,0
FAB,0,0,0,0,0
FST,0,0,0,0,0
FCC,0,0,0,0,0
FIR,0,0,0,0,0
FGF,0,0,0,0,0
FPT,0,0,0,0,0
FIS,0,0,0,0,0
FNT,0,0,0,0,0
FTM,0,0,0,0,0
FMN,0,0,0,0,0
FMB,0,0,0,0,0
FMM,0,0,0,0,0
FMA,0,0,0,0,0
FIP,0,0,0,0,0
FPA,0,0,0,0,0
FIT,0,0,0,0,0
FTW,0,0,0,0,0
FAF,0,0,0,0,0
FGI,0,0,0,0,0
FEU,0,0,0,0,0
FLK,0,0,0,0,0
FCH,0,0,0,0,0
FOA,0,0,0,0,0
FBI,0,0,0,0,0
FBO,0,0,0,0,0
FEA,0,0,0,0,0
FOH,0,0,0,0,0
FGE,0,0,0,0,0
FHL,0,0,0,0,0
FRG,0,0,0,0,0
FOI,0,0,0,0,0
FTE,0,0,0,0,0
FRH,0,0,0,0,0
FYA,0,0,0,0,0
FOB,0,0,0,0,0
FNC,0,0,0,0,0
FXR,0,0,0,0,0
FOX,0,0,0,0,0
FRA,0,0,0,0,0
FIF,0,0,0,0,0
FLR,0,0,0,0,0
FKH,0,0,0,0,0
FFL,0,0,0,0,0
FIG,0,0,0,0,0
FDM,0,0,0,0,0
FHM,0,0,0,0,0
FCX,0,0,0,0,0
FGC,0,0,0,0,0
FCG,0,0,0,0,0
FDX,0,0,0,0,0
FRU,0,0,0,0,0
FUL,0,0,0,0,0
FLH,0,0,0,0,0
FSN,0,0,0,0,0
FOL,0,0,0,0,0
GPH,0,0,0,0,0
GMV,0,0,0,0,0
GHI,0,0,0,0,0
GXY,0,0,0,0,0
GJT,0,0,0,0,0
GGN,0,0,0,0,0
GLG,0,0,0,0,0
GSP,0,0,0,0,0
GRD,0,0,0,0,0
GNF,0,0,0,0,0
GFS,0,0,0,0,0
GGM,0,0,0,0,0
GTY,0,0,0,0,0
GAV,0,0,0,0,0
GZL,0,0,0,0,0
GBI,0,0,0,0,0
GBM,0,0,0,0,0
GBT,0,0,0,0,0
GEA,0,0,0,0,0
GCA,0,0,0,0,0
GCH,0,0,0,0,0
GCE,0,0,0,0,0
GGU,0,0,0,0,0
GFN,0,0,0,0,0
GCP,0,0,0,0,0
GET,0,0,0,0,0
GIA,0,0,0,0,0
GMM,0,0,0,0,0
GHC,0,0,0,0,0
GNA,0,0,0,0,0
GIN,0,0,0,0,0
GEO,0,0,0,0,0
MGE,0,0,0,0,0
WEG,0,0,0,0,0
GHT,0,0,0,0,0
GEE,0,0,0,0,0
GEH,0,0,0,0,0
GSW,0,0,0,0,0
GGB,0,0,0,0,0
GID,0,0,0,0,0
GLT,0,0,0,0,0
GBG,0,0,0,0,0
GIO,0,0,0,0,0
GOP,0,0,0,0,0
GIR,0,0,0,0,0
GVN,0,0,0,0,0
GKN,0,0,0,0,0
GMH,0,0,0,0,0
GOD,0,0,0,0,0
GFI,0,0,0,0,0
GLF,0,0,0,0,0
GMI,0,0,0,0,0
GBP,0,0,0,0,0
GPY,0,0,0,0,0
GRF,0,0,0,0,0
GSZ,0,0,0,0,0
GTV,0,0,0,0,0
GLY,0,0,0,0,0
GCL,0,0,0,0,0
GOE,0,0,0,0,0
GCN,0,0,0,0,0
GFY,0,0,0,0,0
GHO,0,0,0,0,0
GOL,0,0,0,0,0
GMK,0,0,0,0,0
GMS,0,0,0,0,0
GDO,0,0,0,0,0
GSA,0,0,0,0,0
GCD,0,0,0,0,0
GCO,0,0,0,0,0
GFO,0,0,0,0,0
GWN,0,0,0,0,0
GWF,0,0,0,0,0
GKL,0,0,0,0,0
GON,0,0,0,0,0
G79,0,0,0,0,0
GRM,0,0,0,0,0
GSL,0,0,0,0,0
GMF,0,0,0,0,0
GFF,0,0,0,0,0
GMP,0,0,0,0,0
GOO,0,0,0,0,0
GPF,0,0,0,0,0
GQH,0,0,0,0,0
GOS,0,0,0,0,0
GPI,0,0,0,0,0
GST,0,0,0,0,0
GRB,0,0,0,0,0
GTC,0,0,0,0,0
GHG,0,0,0,0,0
GRP,0,0,0,0,0
GBA,0,0,0,0,0
GPM,0,0,0,0,0
GRN,0,0,0,0,0
GEG,0,0,0,0,0
GOG,0,0,0,0,0
GAU,0,0,0,0,0
GFM,0,0,0,0,0
GTP,0,0,0,0,0
GSO,0,0,0,0,0
GVG,0,0,0,0,0
GWM,0,0,0,0,0
GNV,0,0,0,0,0
GPE,0,0,0,0,0
GFD,0,0,0,0,0
GNB,0,0,0,0,0
GBS,0,0,0,0,0
GCG,0,0,0,0,0
GXL,0,0,0,0,0
GTF,0,0,0,0,0
GRG,0,0,0,0,0
GPA,0,0,0,0,0
GGL,0,0,0,0,0
GFC,0,0,0,0,0
GFH,0,0,0,0,0
GRO,0,0,0,0,0
GVR,0,0,0,0,0
TGO,0,0,0,0,0
GRY,0,0,0,0,0
GSI,0,0,0,0,0
GDL,0,0,0,0,0
GUI,0,0,0,0,0
GUJ,0,0,0,0,0
GMC,0,0,0,0,0
GLS,0,0,0,0,0
GNS,0,0,0,0,0
GWG,0,0,0,0,0
GWC,0,0,0,0,0
GWI,0,0,0,0,0
GWL,0,0,0,0,0
GYD,0,0,0,0,0
HNC,0,0,0,0,0
HLC,0,0,0,0,0
HLK,0,0,0,0,0
HFL,0,0,0,0,0
HAM,0,0,0,0,0
HAP,0,0,0,0,0
HDS,0,0,0,0,0
HGM,0,0,0,0,0
HHM,0,0,0,0,0
HDI,0,0,0,0,0
HAN,0,0,0,0,0
HAO,0,0,0,0,0
HBD,0,0,0,0,0
HDR,0,0,0,0,0
HRG,0,0,0,0,0
HSL,0,0,0,0,0
HTE,0,0,0,0,0
HTS,0,0,0,0,0
HVC,0,0,0,0,0
HTR,0,0,0,0,0
HWT,0,0,0,0,0
HST,0,0,0,0,0
HOL,0,0,0,0,0
HDH,0,0,0,0,0
HWR,0,0,0,0,0
HOG,0,0,0,0,0
HZA,0,0,0,0,0
HSD,0,0,0,0,0
HNL,0,0,0,0,0
HCN,0,0,0,0,0
HHI,0,0,0,0,0
HSP,0,0,0,0,0
HSO,0,0,0,0,0
HLN,0,0,0,0,0
HMO,0,0,0,0,0
HIN,0,0,0,0,0
HTW,0,0,0,0,0
HAD,0,0,0,0,0
HCR,0,0,0,0,0
HSK,0,0,0,0,0
HMT,0,0,0,0,0
HGI,0,0,0,0,0
JOH,0,0,0,0,0
HML,0,0,0,0,0
HWE,0,0,0,0,0
HTC,0,0,0,0,0
HER,0,0,0,0,0
HBS,0,0,0,0,0
HGD,0,0,0,0,0
HRR,0,0,0,0,0
HVB,0,0,0,0,0
HYS,0,0,0,0,0
HEY,0,0,0,0,0
HHY,0,0,0,0,0
HLR,0,0,0,0,0
HLG,0,0,0,0,0
HIG,0,0,0,0,0
HNZ,0,0,0,0,0
HIH,0,0,0,0,0
HLY,0,0,0,0,0
HMR,0,0,0,0,0
HDL,0,0,0,0,0
HII,0,0,0,0,0
HRO,0,0,0,0,0
HMA,0,0,0,0,0
HOA,0,0,0,0,0
HOB,0,0,0,0,0
HDG,0,0,0,0,0
HME,0,0,0,0,0
HRP,0,0,0,0,0
HSG,0,0,0,0,0
HSM,0,0,0,0,0
HKL,0,0,0,0,0
HKR,0,0,0,0,0
HBI,0,0,0,0,0
HIP,0,0,0,0,0
HZP,0,0,0,0,0
HOS,0,0,0,0,0
HWG,0,0,0,0,0
HOT,0,0,0,0,0
HSH,0,0,0,0,0
HOY,0,0,0,0,0
HPX,0,0,0,0,0
HRL,0,0,0,0,0
HCO,0,0,0,0,0
HRS,0,0,0,0,0
HDX,0,0,0,0,0
HUN,0,0,0,0,0
HUD,0,0,0,0,0
HIC,0,0,0,0,0
HUO,0,0,0,0,0
HCC,0,0,0,0,0
HWW,0,0,0,0,0
HYF,0,0,0,0,0
XTA,0,0,0,0,0
HYP,0,0,0,0,0
HES,0,0,0,0,0
HCS,0,0,0,0,0
HZL,0,0,0,0,0
IOW,0,0,0,0,0
IAB,0,0,0,0,0
IAN,0,0,0,0,0
IGD,0,0,0,0,0
IBR,0,0,0,0,0
IB8,0,0,0,0,0
ICQ,0,0,0,0,0
ICM,0,0,0,0,0
ICS,0,0,0,0,0
IDE,0,0,0,0,0
IDM,0,0,0,0,0
IDF,0,0,0,0,0
IDH,0,0,0,0,0
IDJ,0,0,0,0,0
IFS,0,0,0,0,0
IGX,0,0,0,0,0
IIN,0,0,0,0,0
IKW,0,0,0,0,0
ILW,0,0,0,0,0
IUL,0,0,0,0,0
IGE,0,0,0,0,0
IPS,0,0,0,0,0
IMS,0,0,0,0,0
IML,0,0,0,0,0
ITC,0,0,0,0,0
IMT,0,0,0,0,0
ICT,0,0,0,0,0
IPM,0,0,0,0,0
IDG,0,0,0,0,0
IPN,0,0,0,0,0
IRL,0,0,0,0,0
IOR,0,0,0,0,0
IPA,0,0,0,0,0
IDO,0,0,0,0,0
IPR,0,0,0,0,0
IDP,0,0,0,0,0
IDC,0,0,0,0,0
IDL,0,0,0,0,0
IRN,0,0,0,0,0
ICZ,0,0,0,0,0
IOK,0,0,0,0,0
IEP,0,0,0,0,0
IRH,0,0,0,0,0
IFN,0,0,0,0,0
ICH,0,0,0,0,0
IFA,0,0,0,0,0
INU,0,0,0,0,0
IIF,0,0,0,0,0
IGG,0,0,0,0,0
INW,0,0,0,0,0
INN,0,0,0,0,0
IHN,0,0,0,0,0
IVL,0,0,0,0,0
INO,0,0,0,0,0
IOS,0,0,0,0,0
IVA,0,0,0,0,0
ICF,0,0,0,0,0
ISB,0,0,0,0,0
ITQ,0,0,0,0,0
ITG,0,0,0,0,0
IGR,0,0,0,0,0
IGA,0,0,0,0,0
IWF,0,0,0,0,0
IHC,0,0,0,0,0
ITL,0,0,0,0,0
ITF,0,0,0,0,0
INT,0,0,0,0,0
ITE,0,0,0,0,0
IHR,0,0,0,0,0
IDB,0,0,0,0,0
ITA,0,0,0,0,0
ITN,0,0,0,0,0
INI,0,0,0,0,0
IAS,0,0,0,0,0
INC,0,0,0,0,0
IDS,0,0,0,0,0
IGF,0,0,0,0,0
IGS,0,0,0,0,0
IIP,0,0,0,0,0
INH,0,0,0,0,0
IRP,0,0,0,0,0
IPO,0,0,0,0,0
IOP,0,0,0,0,0
IWI,0,0,0,0,0
IOC,0,0,0,0,0
ITR,0,0,0,0,0
IMY,0,0,0,0,0
IMZ,0,0,0,0,0
IMV,0,0,0,0,0
IWT,0,0,0,0,0
ITO,0,0,0,0,0
IQE,0,0,0,0,0
IAD,0,0,0,0,0
IXS,0,0,0,0,0
IOF,0,0,0,0,0
IAL,0,0,0,0,0
IDV,0,0,0,0,0
IVE,0,0,0,0,0
IVG,0,0,0,0,0
IVQ,0,0,0,0,0
IOA,0,0,0,0,0
ION,0,0,0,0,0
IOT,0,0,0,0,0
IPE,0,0,0,0,0
IPP,0,0,0,0,0
IPW,0,0,0,0,0
IQ3,0,0,0,0,0
IQX,0,0,0,0,0
INM,0,0,0,0,0
IOH,0,0,0,0,0
IAP,0,0,0,0,0
ISU,0,0,0,0,0
ISD,0,0,0,0,0
IST,0,0,0,0,0
ISI,0,0,0,0,0
ISF,0,0,0,0,0
ISS,0,0,0,0,0
ITP,0,0,0,0,0
ITD,0,0,0,0,0
ITX,0,0,0,0,0
IVN,0,0,0,0,0
IVS,0,0,0,0,0
IWL,0,0,0,0,0
IXL,0,0,0,0,0
IYS,0,0,0,0,0
JNB,0,0,0,0,0
JCM,0,0,0,0,0
JML,0,0,0,0,0
CHJ,0,0,0,0,0
JIP,0,0,0,0,0
JKA,0,0,0,0,0
JAK,0,0,0,0,0
JAC,0,0,0,0,0
JEL,0,0,0,0,0
JCO,0,0,0,0,0
JHV,0,0,0,0,0
JFG,0,0,0,0,0
HAH,0,0,0,0,0
WJG,0,0,0,0,0
JGT,0,0,0,0,0
JHC,0,0,0,0,0
JFA,0,0,0,0,0
JMH,0,0,0,0,0
JSH,0,0,0,0,0
JDV,0,0,0,0,0
JFH,0,0,0,0,0
JFI,0,0,0,0,0
JEN,0,0,0,0,0
JJF,0,0,0,0,0
JCI,0,0,0,0,0
JGB,0,0,0,0,0
JMB,0,0,0,0,0
JCB,0,0,0,0,0
JMN,0,0,0,0,0
TJH,0,0,0,0,0
JNA,0,0,0,0,0
WJM,0,0,0,0,0
JBL,0,0,0,0,0
JHF,0,0,0,0,0
LYS,0,0,0,0,0
SHR,0,0,0,0,0
JPL,0,0,0,0,0
JCP,0,0,0,0,0
JBM,0,0,0,0,0
JCL,0,0,0,0,0
JUP,0,0,0,0,0
JPT,0,0,0,0,0
JST,0,0,0,0,0
JJS,0,0,0,0,0
JVG,0,0,0,0,0
KTO,0,0,0,0,0
KTE,0,0,0,0,0
KII,0,0,0,0,0
KAA,0,0,0,0,0
KAB,0,0,0,0,0
KZL,0,0,0,0,0
KMC,0,0,0,0,0
KMG,0,0,0,0,0
KLC,0,0,0,0,0
KMT,0,0,0,0,0
KGM,0,0,0,0,0
KRL,0,0,0,0,0
KAS,0,0,0,0,0
KTN,0,0,0,0,0
KPC,0,0,0,0,0
KAZ,0,0,0,0,0
KBL,0,0,0,0,0
LOK,0,0,0,0,0
KRN,0,0,0,0,0
KDE,0,0,0,0,0
KEW,0,0,0,0,0
KYC,0,0,0,0,0
KYG,0,0,0,0,0
KHF,0,0,0,0,0
KHS,0,0,0,0,0
KDR,0,0,0,0,0
KDS,0,0,0,0,0
KGH,0,0,0,0,0
KIM,0,0,0,0,0
KDL,0,0,0,0,0
KOG,0,0,0,0,0
KBS,0,0,0,0,0
KPE,0,0,0,0,0
KPL,0,0,0,0,0
KEL,0,0,0,0,0
KIC,0,0,0,0,0
KFG,0,0,0,0,0
KGI,0,0,0,0,0
KWR,0,0,0,0,0
KLA,0,0,0,0,0
KTR,0,0,0,0,0
KWD,0,0,0,0,0
KIT,0,0,0,0,0
KLM,0,0,0,0,0
KLZ,0,0,0,0,0
KOL,0,0,0,0,0
KKL,0,0,0,0,0
KKT,0,0,0,0,0
KNH,0,0,0,0,0
K2P,0,0,0,0,0
KRT,0,0,0,0,0
KRS,0,0,0,0,0
KGS,0,0,0,0,0
KTL,0,0,0,0,0
KTM,0,0,0,0,0
KUL,0,0,0,0,0
KMR,0,0,0,0,0
KPR,0,0,0,0,0
KSP,0,0,0,0,0
KEN,0,0,0,0,0
KWL,0,0,0,0,0
KYK,0,0,0,0,0
LME,0,0,0,0,0
LTS,0,0,0,0,0
LLR,0,0,0,0,0
LRC,0,0,0,0,0
LAK,0,0,0,0,0
LPC,0,0,0,0,0
LWP,0,0,0,0,0
LDM,0,0,0,0,0
LBW,0,0,0,0,0
LAN,0,0,0,0,0
LGR,0,0,0,0,0
LTN,0,0,0,0,0
LAH,0,0,0,0,0
LDY,0,0,0,0,0
LSH,0,0,0,0,0
LTA,0,0,0,0,0
LAX,0,0,0,0,0
LAS,0,0,0,0,0
LAA,0,0,0,0,0
LIL,0,0,0,0,0
LBP,0,0,0,0,0
LVR,0,0,0,0,0
LVG,0,0,0,0,0
LWF,0,0,0,0,0
LBY,0,0,0,0,0
LFC,0,0,0,0,0
LPA,0,0,0,0,0
LDA,0,0,0,0,0
LGD,0,0,0,0,0
LSI,0,0,0,0,0
LMC,0,0,0,0,0
LMR,0,0,0,0,0
LEV,0,0,0,0,0
LLP,0,0,0,0,0
LUT,0,0,0,0,0
LI4,0,0,0,0,0
LI1,0,0,0,0,0
LIF,0,0,0,0,0
LIA,0,0,0,0,0
LIE,0,0,0,0,0
LIB,0,0,0,0,0
LHC,0,0,0,0,0
LBF,0,0,0,0,0
LJF,0,0,0,0,0
LNC,0,0,0,0,0
LDN,0,0,0,0,0
LFX,0,0,0,0,0
LRF,0,0,0,0,0
LWI,0,0,0,0,0
LCA,0,0,0,0,0
LNN,0,0,0,0,0
LSG,0,0,0,0,0
LST,0,0,0,0,0
LNS,0,0,0,0,0
LHB,0,0,0,0,0
LON,0,0,0,0,0
LIM,0,0,0,0,0
LIP,0,0,0,0,0
LNG,0,0,0,0,0
LMA,0,0,0,0,0
LRG,0,0,0,0,0
LWB,0,0,0,0,0
LLA,0,0,0,0,0
LHD,0,0,0,0,0
LMH,0,0,0,0,0
LGC,0,0,0,0,0
LRX,0,0,0,0,0
LGO,0,0,0,0,0
LSC,0,0,0,0,0
LAL,0,0,0,0,0
LDW,0,0,0,0,0
LUK,0,0,0,0,0
LMS,0,0,0,0,0
LSL,0,0,0,0,0
LVL,0,0,0,0,0
MTU,0,0,0,0,0
MLD,0,0,0,0,0
MCC,0,0,0,0,0
MSA,0,0,0,0,0
MIF,0,0,0,0,0
MCK,0,0,0,0,0
MPB,0,0,0,0,0
MRP,0,0,0,0,0
MCQ,0,0,0,0,0
MCG,0,0,0,0,0
MQC,0,0,0,0,0
MFN,0,0,0,0,0
MGI,0,0,0,0,0
MGM,0,0,0,0,0
MIP,0,0,0,0,0
MRN,0,0,0,0,0
MOR,0,0,0,0,0
MPN,0,0,0,0,0
MWG,0,0,0,0,0
MQW,0,0,0,0,0
MAC,0,0,0,0,0
MGG,0,0,0,0,0
MGN,0,0,0,0,0
MMW,0,0,0,0,0
MPH,0,0,0,0,0
MNA,0,0,0,0,0
MHY,0,0,0,0,0
MHZ,0,0,0,0,0
MNL,0,0,0,0,0
MAI,0,0,0,0,0
MJR,0,0,0,0,0
MKE,0,0,0,0,0
MBC,0,0,0,0,0
MYL,0,0,0,0,0
MHS,0,0,0,0,0
MTL,1,1,0,1,3
MDD,0,0,0,0,0
MOI,0,0,0,0,0
MDH,0,0,0,0,0
MTR,0,0,0,0,0
MRU,0,0,0,0,0
MBA,0,0,0,0,0
MRB,0,0,0,0,0
MGO,0,0,0,0,0
MAZ,0,0,0,0,0
MRT,0,0,0,0,0
MKC,0,0,0,0,0
MKH,0,0,0,0,0
MKP,0,0,0,0,0
MJP,0,0,0,0,0
MML,0,0,0,0,0
MHR,0,0,0,0,0
MBB,0,0,0,0,0
MKM,0,0,0,0,0
MVU,0,0,0,0,0
MAV,0,0,0,0,0
MWP,0,0,0,0,0
MWE,0,0,0,0,0
MXQ,0,0,0,0,0
MSP,0,0,0,0,0
MYP,0,0,0,0,0
MZU,0,0,0,0,0
MBD,0,0,0,0,0
MBF,0,0,0,0,0
MCS,0,0,0,0,0
MCB,0,0,0,0,0
MDG,0,0,0,0,0
MWM,0,0,0,0,0
MSL,0,0,0,0,0
MDE,0,0,0,0,0
MBJ,0,0,0,0,0
MDZ,0,0,0,0,0
MZB,0,0,0,0,0
MZA,0,0,0,0,0
MZC,0,0,0,0,0
MAS,0,0,0,0,0
MED,0,0,0,0,0
MPF,0,0,0,0,0
MWC,0,0,0,0,0
MLA,0,0,0,0,0
MRE,0,0,0,0,0
MGZ,0,0,0,0,0
MDV,0,0,0,0,0
MEH,0,0,0,0,0
MHT,0,0,0,0,0
MPS,0,0,0,0,0
MGP,0,0,0,0,0
MET,0,0,0,0,0
MVT,0,0,0,0,0
MMT,0,0,0,0,0
MII,0,0,0,0,0
MRO,0,0,0,0,0
MEK,1,1,0,1,3
MRW,0,0,0,0,0
MMK,0,0,0,0,0
MEP,0,0,0,0,0
MES,0,0,0,0,0
MMF,0,0,0,0,0
MST,0,0,0,0,0
MTT,0,0,0,0,0
MKO,0,0,0,0,0
MTX,0,0,0,0,0
MTN,0,0,0,0,0
MEQ,0,0,0,0,0
MTD,0,0,0,0,0
MBS,0,0,0,0,0
MBT,0,0,0,0,0
XQE,0,0,0,0,0
MGC,0,0,0,0,0
MGS,0,0,0,0,0
MIA,0,0,0,0,0
MIC,0,0,0,0,0
MIS,0,0,0,0,0
MLK,0,0,0,0,0
MHD,0,0,0,0,0
MOY,0,0,0,0,0
MHL,0,0,0,0,0
MAX,0,0,0,0,0
MLT,0,0,0,0,0
MIM,0,0,0,0,0
MCR,0,0,0,0,0
MNC,0,0,0,0,0
MDO,0,0,0,0,0
MFX,0,0,0,0,0
MLB,0,0,0,0,0
MDL,0,0,0,0,0
MXX,0,0,0,0,0
MSX,0,0,0,0,0
MIT,0,0,0,0,0
MWL,0,0,0,0,0
MNR,0,0,0,0,0
MNE,0,0,0,0,0
MNW,0,0,0,0,0
MBN,0,0,0,0,0
MIX,0,0,0,0,0
MRV,0,0,0,0,0
PFD,0,0,0,0,0
MPT,0,0,0,0,0
MCU,0,0,0,0,0
MTE,0,0,0,0,0
MUA,0,0,0,0,0
MMG,0,0,0,0,0
MMU,0,0,0,0,0
MOA,0,0,0,0,0
MOG,0,0,0,0,0
MOD,0,0,0,0,0
MPO,0,0,0,0,0
MOL,0,0,0,0,0
MON,0,0,0,0,0
MA1,0,0,0,0,0
MUB,0,0,0,0,0
MTA,0,0,0,0,0
MR1,0,0,0,0,0
MMZ,0,0,0,0,0
MOQ,0,0,0,0,0
MCO,0,0,0,0,0
MOC,0,0,0,0,0
MOS,0,0,0,0,0
MLC,0,0,0,0,0
MVG,0,0,0,0,0
MOE,0,0,0,0,0
MVC,0,0,0,0,0
MPC,0,0,0,0,0
MPM,0,0,0,0,0
MSF,0,0,0,0,0
MSM,0,0,0,0,0
MEV,0,0,0,0,0
MLP,0,0,0,0,0
MFC,0,0,0,0,0
MUE,0,0,0,0,0
MXG,0,0,0,0,0
MXU,0,0,0,0,0
MUV,0,0,0,0,0
MUM,0,0,0,0,0
MCH,0,0,0,0,0
MMX,0,0,0,0,0
MYD,0,0,0,0,0
MRG,0,0,0,0,0
MUH,0,0,0,0,0
MBE,0,0,0,0,0
MFB,0,0,0,0,0
MYF,0,0,0,0,0
MYB,0,0,0,0,0
MYO,0,0,0,0,0
MZI,0,0,0,0,0
NKV,0,0,0,0,0
NAL,0,0,0,0,0
NSN,0,0,0,0,0
NCV,0,0,0,0,0
NHS,0,0,0,0,0
NCI,0,0,0,0,0
NCU,0,0,0,0,0
NCL,0,0,0,0,0
NFD,0,0,0,0,0
NFG,0,0,0,0,0
NHR,0,0,0,0,0
NLC,0,0,0,0,0
NLG,0,0,0,0,0
NLO,0,0,0,0,0
NPA,0,0,0,0,0
NPF,0,0,0,0,0
NAA,0,0,0,0,0
NAF,0,0,0,0,0
NAO,0,0,0,0,0
NAH,0,0,0,0,0
NTG,0,0,0,0,0
NVL,0,0,0,0,0
NWD,0,0,0,0,0
NQT,0,0,0,0,0
NGA,0,0,0,0,0
NIX,0,0,0,0,0
PYR,0,0,0,0,0
NVT,0,0,0,0,0
NEA,0,0,0,0,0
NWB,0,0,0,0,0
NCA,0,0,0,0,0
NXR,0,0,0,0,0
NER,0,0,0,0,0
NEN,0,0,0,0,0
NTC,0,0,0,0,0
NFB,0,0,0,0,0
NTF,0,0,0,0,0
NFO,0,0,0,0,0
NEV,0,0,0,0,0
NCZ,0,0,0,0,0
NEW,0,0,0,0,0
NHG,0,0,0,0,0
NMD,0,0,0,0,0
NOP,0,0,0,0,0
NPH,0,0,0,0,0
XNM,0,0,0,0,0
NSE,0,0,0,0,0
NCH,0,0,0,0,0
NHH,0,0,0,0,0
NEM,0,0,0,0,0
NYY,0,0,0,0,0
NCP,0,0,0,0,0
NWT,0,0,0,0,0
NNT,0,0,0,0,0
NBS,0,0,0,0,0
NXB,0,0,0,0,0
NFM,0,0,0,0,0
NGM,0,0,0,0,0
NID,0,0,0,0,0
NKA,0,0,0,0,0
NRN,0,0,0,0,0
NDO,0,0,0,0,0
NTO,0,0,0,0,0
NIU,0,0,0,0,0
NKP,0,0,0,0,0
NMF,0,0,0,0,0
NBX,0,0,0,0,0
NMM,0,0,0,0,0
NFR,0,0,0,0,0
NRI,0,0,0,0,0
NDP,0,0,0,0,0
NFA,0,0,0,0,0
NFK,0,0,0,0,0
NDY,0,0,0,0,0
NMW,0,0,0,0,0
NBH,0,0,0,0,0
NMB,0,0,0,0,0
NQL,0,0,0,0,0
NQM,0,0,0,0,0
NQR,0,0,0,0,0
NRC,0,0,0,0,0
NCO,0,0,0,0,0
NOC,0,0,0,0,0
NTH,0,0,0,0,0
NMI,0,0,0,0,0
NQC,0,0,0,0,0
XSN,0,0,0,0,0
NWR,0,0,0,0,0
NGF,0,0,0,0,0
NWE,0,0,0,0,0
NEL,0,0,0,0,0
NHL,0,0,0,0,0
NOE,0,0,0,0,0
NVM,0,0,0,0,0
NVE,0,0,0,0,0
NVN,0,0,0,0,0
NVS,0,0,0,0,0
NPI,0,0,0,0,0
NRW,0,0,0,0,0
NCS,0,0,0,0,0
NPX,0,0,0,0,0
NUS,0,0,0,0,0
NNZ,0,0,0,0,0
NYL,0,0,0,0,0
NLX,0,0,0,0,0
NYO,0,0,0,0,0
NZF,0,0,0,0,0
NZI,0,0,0,0,0
NZC,0,0,0,0,0
OAM,0,0,0,0,0
OKH,0,0,0,0,0
OKN,0,0,0,0,0
OMP,0,0,0,0,0
OEA,0,0,0,0,0
OCE,0,0,0,0,0
OGD,0,0,0,0,0
OGC,0,0,0,0,0
OCX,0,0,0,0,0
OCP,0,0,0,0,0
OGH,0,0,0,0,0
ORS,0,0,0,0,0
OXX,0,0,0,0,0
OCV,0,0,0,0,0
ODD,0,0,0,0,0
ODN,0,0,0,0,0
ODG,0,0,0,0,0
OAP,0,0,0,0,0
OGN,0,0,0,0,0
OGL,0,0,0,0,0
OSH,0,0,0,0,0
OLN,0,0,0,0,0
OKU,0,0,0,0,0
OLM,0,0,0,0,0
NIO,0,0,0,0,0
OMO,0,0,0,0,0
OMC,0,0,0,0,0
OMN,0,0,0,0,0
ONL,0,0,0,0,0
1AL,0,0,0,0,0
OVH,0,0,0,0,0
OTR,0,0,0,0,0
OTH,0,0,0,0,0
ONX,0,0,0,0,0
OOH,0,0,0,0,0
OTT,0,0,0,0,0
OPS,0,0,0,0,0
OPC,0,0,0,0,0
OPG,0,0,0,0,0
OBS,0,0,0,0,0
ORH,0,0,0,0,0
OGX,0,0,0,0,0
OHE,0,0,0,0,0
OTL,0,0,0,0,0
ORL,0,0,0,0,0
OSP,0,0,0,0,0
OLV,0,0,0,0,0
OUM,0,0,0,0,0
OVT,0,0,0,0,0
OVN,0,0,0,0,0
OTW,0,0,0,0,0
OVS,0,0,0,0,0
OZL,0,0,0,0,0
OZG,0,0,0,0,0
PNO,0,0,0,0,0
CLL,0,0,0,0,0
P2P,0,0,0,0,0
PAP,0,0,0,0,0
PBG,0,0,0,0,0
PCF,0,0,0,0,0
PFC,0,0,0,0,0
PDF,0,0,0,0,0
PEA,0,0,0,0,0
PNL,0,0,0,0,0
PHY,0,0,0,0,0
PIG,0,0,0,0,0
PFM,0,0,0,0,0
PMU,0,0,0,0,0
PFR,0,0,0,0,0
PCS,0,0,0,0,0
PTB,0,0,0,0,0
PBB,0,0,0,0,0
PMH,0,0,0,0,0
PML,0,0,0,0,0
PDC,0,0,0,0,0
PID,0,0,0,0,0
PMX,0,0,0,0,0
PAL,0,0,0,0,0
PLC,0,0,0,0,0
PZC,0,0,0,0,0
POR,0,0,0,0,0
PPP,0,0,0,0,0
PPH,0,0,0,0,0
PNA,0,0,0,0,0
PBO,0,0,0,0,0
PFL,0,0,0,0,0
PAG,0,0,0,0,0
PGA,0,0,0,0,0
PRA,0,0,0,0,0
PXU,0,0,0,0,0
PIR,0,0,0,0,0
PGN,0,0,0,0,0
PCP,0,0,0,0,0
PBY,0,0,0,0,0
PRK,0,0,0,0,0
PDS,0,0,0,0,0
PAS,0,0,0,0,0
POC,0,0,0,0,0
PAV,0,0,0,0,0
PAW,0,0,0,0,0
PAY,0,0,0,0,0
PYG,0,0,0,0,0
PYV,0,0,0,0,0
PDT,0,0,0,0,0
PLR,0,0,0,0,0
PST,0,0,0,0,0
PPI,0,0,0,0,0
PDL,0,0,0,0,0
PSN,0,0,0,0,0
PTA,0,0,0,0,0
PSH,0,0,0,0,0
PM8,0,0,0,0,0
LSB,0,0,0,0,0
PEO,0,0,0,0,0
PBA,0,0,0,0,0
PEP,0,0,0,0,0
PLI,0,0,0,0,0
PER,0,0,0,0,0
PRJ,0,0,0,0,0
PUS,0,0,0,0,0
PMG,0,0,0,0,0
PEM,0,0,0,0,0
PCB,0,0,0,0,0
PMS,0,0,0,0,0
PTT,0,0,0,0,0
PSV,0,0,0,0,0
PLM,0,0,0,0,0
KUP,0,0,0,0,0
PLW,0,0,0,0,0
PTW,0,0,0,0,0
PTV,0,0,0,0,0
PTC,0,0,0,0,0
PTG,0,0,0,0,0
PTZ,0,0,0,0,0
PSA,0,0,0,0,0
PHI,0,0,0,0,0
POA,0,0,0,0,0
PRH,0,0,0,0,0
PXG,0,0,0,0,0
PRC,0,0,0,0,0
PIH,0,0,0,0,0
PIN,0,0,0,0,0
PVM,0,0,0,0,0
PJA,0,0,0,0,0
PBS,0,0,0,0,0
PWK,0,0,0,0,0
PBV,0,0,0,0,0
PVG,0,0,0,0,0
PEG,0,0,0,0,0
PCR,0,0,0,0,0
PDG,0,0,0,0,0
PLP,0,0,0,0,0
PPZ,0,0,0,0,0
PLB,0,0,0,0,0
PLN,0,0,0,0,0
PPN,0,0,0,0,0
PRG,0,0,0,0,0
PPA,0,0,0,0,0
PTE,0,0,0,0,0
PLA,0,0,0,0,0
PC1,0,0,0,0,0
PLV,0,0,0,0,0
PLU,0,0,0,0,0
PAF,0,0,0,0,0
PDR,0,0,0,0,0
XQH,0,0,0,0,0
XVF,0,0,0,0,0
PMM,0,0,0,0,0
PVY,0,0,0,0,0
PDM,0,0,0,0,0
POI,0,0,0,0,0
PWI,0,0,0,0,0
PWS,0,0,0,0,0
PWT,0,0,0,0,0
PWL,0,0,0,0,0
PPO,0,0,0,0,0
PMZ,0,0,0,0,0
PDH,0,0,0,0,0
PCN,0,0,0,0,0
PCA,0,0,0,0,0
PEZ,0,0,0,0,0
PRV,0,0,0,0,0
PIB,0,0,0,0,0
PRF,0,0,0,0,0
PTN,0,0,0,0,0
PGX,0,0,0,0,0
PWG,0,0,0,0,0
PAO,0,0,0,0,0
POF,0,0,0,0,0
PSB,0,0,0,0,0
POG,0,0,0,0,0
POJ,0,0,0,0,0
POB,0,0,0,0,0
PJP,0,0,0,0,0
PPR,0,0,0,0,0
PMN,0,0,0,0,0
PCH,0,0,0,0,0
PYT,0,0,0,0,0
PSP,0,0,0,0,0
PRI,0,0,0,0,0
PRW,0,0,0,0,0
PVH,0,0,0,0,0
PBR,0,0,0,0,0
PON,0,0,0,0,0
PNQ,0,0,0,0,0
PVA,0,0,0,0,0
PSD,0,0,0,0,0
PHG,0,0,0,0,0
PUH,0,0,0,0,0
PUP,0,0,0,0,0
PUC,0,0,0,0,0
PUI,0,0,0,0,0
PUB,0,0,0,0,0
PUM,0,0,0,0,0
PUF,0,0,0,0,0
PUE,0,0,0,0,0
PUD,0,0,0,0,0
PUJ,0,0,0,0,0
PUK,0,0,0,0,0
PUU,0,0,0,0,0
PUV,0,0,0,0,0
PUZ,0,0,0,0,0
PES,0,0,0,0,0
PLX,0,0,0,0,0
QTG,1,1,0,1,3
QTT,0,0,0,0,0
QRL,0,0,0,0,0
QDL,0,0,0,0,0
QAM,0,0,0,0,0
QNT,0,0,0,0,0
QIW,0,0,0,0,0
QLO,0,0,0,0,0
QMT,0,0,0,0,0
QMS,0,0,0,0,0
QNI,0,0,0,0,0
QRX,0,0,0,0,0
QDX,0,0,0,0,0
QTM,0,0,0,0,0
QUO,0,0,0,0,0
QMG,0,0,0,0,0
QBC,0,0,0,0,0
QMM,0,0,0,0,0
QAI,0,0,0,0,0
QCL,0,0,0,0,0
QCT,0,0,0,0,0
QCH,0,0,0,0,0
QGC,0,0,0,0,0
QUM,0,0,0,0,0
QMH,0,0,0,0,0
QMN,0,0,0,0,0
QPP,0,0,0,0,0
QEX,0,0,0,0,0
QST,0,0,0,0,0
QSS,0,0,0,0,0
QFX,0,0,0,0,0
QUC,0,0,0,0,0
QTK,0,0,0,0,0
QIN,0,0,0,0,0
QIL,0,0,0,0,0
RBP,0,0,0,0,0
RBV,0,0,0,0,0
RTK,0,0,0,0,0
RAF,0,0,0,0,0
RMM,0,0,0,0,0
RMB,0,0,0,0,0
RMF,0,0,0,0,0
RMT,0,0,0,0,0
RDP,0,0,0,0,0
RRS,0,0,0,0,0
RNG,0,0,0,0,0
RPT,0,0,0,0,0
RTN,0,0,0,0,0
RCA,0,0,0,0,0
RAW,0,0,0,0,0
RAZ,0,0,0,0,0
RZR,0,0,0,0,0
RLE,0,0,0,0,0
RNC,0,0,0,0,0
RRP,0,0,0,0,0
REB,0,0,0,0,0
RRT,0,0,0,0,0
RAL,0,0,0,0,0
RAR,0,0,0,0,0
RBK,0,0,0,0,0
AEJ,0,0,0,0,0
RDC,0,0,0,0,0
RPF,0,0,0,0,0
RCF,0,0,0,0,0
RDF,0,0,0,0,0
RDH,0,0,0,0,0
RDL,0,0,0,0,0
RFO,0,0,0,0,0
RMA,0,0,0,0,0
RGM,0,0,0,0,0
RES,0,0,0,0,0
RD1,0,0,0,0,0
RCO,0,0,0,0,0
RNS,0,0,0,0,0
REL,0,0,0,0,0
RFC,0,0,0,0,0
ROA,0,0,0,0,0
RAP,0,0,0,0,0
RT9,0,0,0,0,0
RTD,0,0,0,0,0
RA1,0,0,0,0,0
RTT,0,0,0,0,0
RTC,0,0,0,0,0
RER,0,0,0,0,0
RFD,0,0,0,0,0
RDV,1,1,1,0,3
RAI,0,0,0,0,0
RQL,0,0,0,0,0
RSP,0,0,0,0,0
RXA,0,0,0,0,0
RTI,0,0,0,0,0
RTS,0,0,0,0,0
RVA,0,0,0,0,0
REF,0,0,0,0,0
RVC,0,0,0,0,0
RXF,0,0,0,0,0
RYW,0,0,0,0,0
RFP,0,0,0,0,0
RGC,0,0,0,0,0
RHG,0,0,0,0,0
RHP,0,0,0,0,0
RHS,0,0,0,0,0
RIA,0,0,0,0,0
RGW,0,0,0,0,0
RIS,0,0,0,0,0
RIL,0,0,0,0,0
RFV,0,0,0,0,0
RGK,0,0,0,0,0
RPC,0,0,0,0,0
RIN,0,0,0,0,0
RNL,0,0,0,0,0
RCY,0,0,0,0,0
RIG,0,0,0,0,0
RIV,0,0,0,0,0
RMW,0,0,0,0,0
RMG,0,0,0,0,0
RNY,0,0,0,0,0
XRT,0,0,0,0,0
RNB,0,0,0,0,0
ROB,0,0,0,0,0
RBS,0,0,0,0,0
ROL,0,0,0,0,0
ROK,0,0,0,0,0
RBY,0,0,0,0,0
RKC,0,0,0,0,0
RCI,0,0,0,0,0
RLK,0,0,0,0,0
ROS,0,0,0,0,0
RHD,0,0,0,0,0
RSM,1,1,1,0,3
RWS,0,0,0,0,0
RHL,0,0,0,0,0
ROW,0,0,0,0,0
RWH,0,0,0,0,0
RYC,0,0,0,0,0
RPD,0,0,0,0,0
RPX,0,0,0,0,0
RAT,0,0,0,0,0
REU,0,0,0,0,0
RJT,0,0,0,0,0
RBC,0,0,0,0,0
RUB,0,0,0,0,0
RFL,0,0,0,0,0
RUP,0,0,0,0,0
RPS,0,0,0,0,0
RVL,0,0,0,0,0
RTA,0,0,0,0,0
RXP,0,0,0,0,0
RYE,0,0,0,0,0
SEL,0,0,0,0,0
SPR,1,1,0,1,3
SXM,0,0,0,0,0
SRM,0,0,0,0,0
SAV,0,0,0,0,0
SAB,0,0,0,0,0
SAP,0,0,0,0,0
SBE,0,0,0,0,0
SAG,0,0,0,0,0
SGG,0,0,0,0,0
SAI,0,0,0,0,0
SLL,0,0,0,0,0
SBH,0,0,0,0,0
SO4,0,0,0,0,0
SAL,0,0,0,0,0
SMD,0,0,0,0,0
SSN,0,0,0,0,0
SRD,0,0,0,0,0
SDH,0,0,0,0,0
SFD,0,0,0,0,0
SDC,0,0,0,0,0
SDB,0,0,0,0,0
SXP,0,0,0,0,0
SPV,0,0,0,0,0
SAR,0,0,0,0,0
SAT,0,0,0,0,0
STT,0,0,0,0,0
SCR,0,0,0,0,0
SCD,0,0,0,0,0
SCB,0,0,0,0,0
SRB,0,0,0,0,0
SDD,0,0,0,0,0
SSE,0,0,0,0,0
SIE,0,0,0,0,0
SFU,0,0,0,0,0
SGZ,0,0,0,0,0
SCC,0,0,0,0,0
SCO,0,0,0,0,0
SCK,0,0,0,0,0
SDS,0,0,0,0,0
SEF,0,0,0,0,0
SWD,0,0,0,0,0
SFO,0,0,0,0,0
SP1,0,0,0,0,0
SAD,0,0,0,0,0
SAJ,0,0,0,0,0
SAC,0,0,0,0,0
SMX,0,0,0,0,0
SDM,0,0,0,0,0
SED,0,0,0,0,0
SEB,0,0,0,0,0
SEM,0,0,0,0,0
SSC,0,0,0,0,0
SLN,0,0,0,0,0
SXY,0,0,0,0,0
SNR,0,0,0,0,0
TRR,0,0,0,0,0
TRW,0,0,0,0,0
TRZ,0,0,0,0,0
REJ,0,0,0,0,0
TRX,0,0,0,0,0
WSB,0,0,0,0,0
HTV,0,0,0,0,0
TRQ,0,0,0,0,0
REQ,0,0,0,0,0
REI,0,0,0,0,0
WSC,0,0,0,0,0
REK,0,0,0,0,0
RDA,0,0,0,0,0
WSH,0,0,0,0,0
WSJ,0,0,0,0,0
WSN,0,0,0,0,0
WSO,0,0,0,0,0
RFB,0,0,0,0,0
HTB,0,0,0,0,0
WSQ,0,0,0,0,0
WSD,0,0,0,0,0
RT2,0,0,0,0,0
RFE,0,0,0,0,0
STR,0,0,0,0,0
SEV,0,0,0,0,0
SWL,0,0,0,0,0
SFE,0,0,0,0,0
SFW,0,0,0,0,0
SDT,0,0,0,0,0
SHC,0,0,0,0,0
SHU,0,0,0,0,0
SHD,0,0,0,0,0
SHX,0,0,0,0,0
SNH,0,0,0,0,0
SHI,0,0,0,0,0
SHB,0,0,0,0,0
SKV,0,0,0,0,0
SIB,0,0,0,0,0
SBU,0,0,0,0,0
SID,0,0,0,0,0
SDX,0,0,0,0,0
SGL,0,0,0,0,0
SBL,0,0,0,0,0
SVH,0,0,0,0,0
SVA,0,0,0,0,0
SDY,0,0,0,0,0
SWS,0,0,0,0,0
SPH,0,0,0,0,0
SGT,0,0,0,0,0
SAO,0,0,0,0,0
SEH,0,0,0,0,0
SGX,0,0,0,0,0
SSI,0,0,0,0,0
SLE,0,0,0,0,0
SNV,0,0,0,0,0
SIR,0,0,0,0,0
SBT,0,0,0,0,0
SAA,0,0,0,0,0
SKL,0,0,0,0,0
SKE,0,0,0,0,0
SAS,0,0,0,0,0
SNT,0,0,0,0,0
SKA,0,0,0,0,0
SKP,0,0,0,0,0
SXR,0,0,0,0,0
SKW,0,0,0,0,0
SGH,0,0,0,0,0
SMT,0,0,0,0,0
SXB,0,0,0,0,0
SS6,0,0,0,0,0
SAZ,0,0,0,0,0
SSF,0,0,0,0,0
SS7,0,0,0,0,0
SM9,0,0,0,0,0
SMJ,0,0,0,0,0
SMV,0,0,0,0,0
SMB,0,0,0,0,0
SMK,0,0,0,0,0
SMW,0,0,0,0,0
SMQ,0,0,0,0,0
SNA,0,0,0,0,0
SGO,0,0,0,0,0
SIL,0,0,0,0,0
SML,0,0,0,0,0
SSX,0,0,0,0,0
SFL,0,0,0,0,0
SOF,0,0,0,0,0
SWH,0,0,0,0,0
SOS,0,0,0,0,0
SXS,0,0,0,0,0
SOH,0,0,0,0,0
SNE,0,0,0,0,0
SON,0,0,0,0,0
SNN,0,0,0,0,0
SGW,0,0,0,0,0
SMG,0,0,0,0,0
SOE,0,0,0,0,0
SAY,0,0,0,0,0
SBB,0,0,0,0,0
SET,0,0,0,0,0
SPB,0,0,0,0,0
SRP,0,0,0,0,0
SCA,0,0,0,0,0
SAK,0,0,0,0,0
SBC,0,0,0,0,0
SXX,0,0,0,0,0
SCF,0,0,0,0,0
SRC,0,0,0,0,0
SVT,0,0,0,0,0
SPF,0,0,0,0,0
SPM,0,0,0,0,0
SPG,0,0,0,0,0
SKI,0,0,0,0,0
SPC,0,0,0,0,0
SDA,0,0,0,0,0
SRS,0,0,0,0,0
SCP,0,0,0,0,0
SFI,0,0,0,0,0
SPE,0,0,0,0,0
SPO,0,0,0,0,0
SPS,0,0,0,0,0
SGB,0,0,0,0,0
SHW,0,0,0,0,0
SLG,0,0,0,0,0
SAX,0,0,0,0,0
SLP,0,0,0,0,0
SNY,0,0,0,0,0
SCY,0,0,0,0,0
SGS,0,0,0,0,0
STL,0,0,0,0,0
XNS,0,0,0,0,0
XSS,0,0,0,0,0
XVA,0,0,0,0,0
XWA,0,0,0,0,0
XNQ,0,0,0,0,0
SBF,0,0,0,0,0
STI,0,0,0,0,0
SBI,0,0,0,0,0
STF,0,0,0,0,0
SIP,0,0,0,0,0
SRE,0,0,0,0,0
SKB,0,0,0,0,0
SKD,0,0,0,0,0
STD,0,0,0,0,0
STH,0,0,0,0,0
SMC,0,0,0,0,0
SRA,0,0,0,0,0
FSH,0,0,0,0,0
STU,0,0,0,0,0
SBS,0,0,0,0,0
SGU,0,0,0,0,0
XQD,0,0,0,0,0
SMM,0,0,0,0,0
SBK,0,0,0,0,0
SEA,0,0,0,0,0
SDL,0,0,0,0,0
STV,0,0,0,0,0
SBN,0,0,0,0,0
HBH,0,0,0,0,0
SVS,0,0,0,0,0
SRF,0,0,0,0,0
SWR,0,0,0,0,0
SWE,0,0,0,0,0
SWK,0,0,0,0,0
SYD,0,0,0,0,0
SAQ,0,0,0,0,0
SYI,1,1,1,0,3
SLV,0,0,0,0,0
SYL,0,0,0,0,0
SYB,0,0,0,0,0
SL1,0,0,0,0,0
SYN,0,0,0,0,0
SYS,0,0,0,0,0
SYT,0,0,0,0,0
OCH,0,0,0,0,0
TAB,0,0,0,0,0
TKG,0,0,0,0,0
TWO,0,0,0,0,0
TBL,0,0,0,0,0
TAN,0,0,0,0,0
TBC,0,0,0,0,0
TAP,0,0,0,0,0
TTX,0,0,0,0,0
TEX,0,0,0,0,0
TKI,0,0,0,0,0
TMM,0,0,0,0,0
TPX,0,0,0,0,0
TGR,0,0,0,0,0
TSS,0,0,0,0,0
TSW,0,0,0,0,0
TAT,0,0,0,0,0
TTS,0,0,0,0,0
TAW,0,0,0,0,0
TDL,0,0,0,0,0
TDG,0,0,0,0,0
TEQ,0,0,0,0,0
TCN,0,0,0,0,0
TIF,0,0,0,0,0
TCM,0,0,0,0,0
TCP,0,0,0,0,0
TCY,0,0,0,0,0
TKA,0,0,0,0,0
TCA,0,0,0,0,0
TCT,0,0,0,0,0
TLP,0,0,0,0,0
TMN,0,0,0,0,0
TEO,0,0,0,0,0
TLZ,0,0,0,0,0
TGG,0,0,0,0,0
TEN,0,0,0,0,0
TNI,0,0,0,0,0
TNN,0,0,0,0,0
TGZ,0,0,0,0,0
TEA,0,0,0,0,0
TIV,0,0,0,0,0
TTY,0,0,0,0,0
TYC,0,0,0,0,0
TXA,0,0,0,0,0
TXN,0,0,0,0,0
TXT,0,0,0,0,0
TAF,0,0,0,0,0
THG,0,0,0,0,0
CCS,0,0,0,0,0
CGL,0,0,0,0,0
IQG,0,0,0,0,0
PGR,0,0,0,0,0
REW,0,0,0,0,0
TSN,0,0,0,0,0
WCC,0,0,0,0,0
TNK,0,0,0,0,0
TSM,0,0,0,0,0
THO,0,0,0,0,0
TPO,0,0,0,0,0
TB8,0,0,0,0,0
TGS,0,0,0,0,0
TKF,0,0,0,0,0
TIH,0,0,0,0,0
TLT,0,0,0,0,0
TIM,0,0,0,0,0
TOD,0,0,0,0,0
TPF,0,0,0,0,0
TIN,0,0,0,0,0
TIO,0,0,0,0,0
TIC,0,0,0,0,0
TIR,0,0,0,0,0
TMA,0,0,0,0,0
TMO,0,0,0,0,0
TMP,0,0,0,0,0
TBY,0,0,0,0,0
TOF,0,0,0,0,0
TOL,0,0,0,0,0
TOM,0,0,0,0,0
TCB,0,0,0,0,0
TOO,0,0,0,0,0
TOH,0,0,0,0,0
TTH,0,0,0,0,0
TDA,0,0,0,0,0
TDB,0,0,0,0,0
TRN,0,0,0,0,0
TRK,0,0,0,0,0
TOA,0,0,0,0,0
TNB,0,0,0,0,0
TNF,0,0,0,0,0
TNH,0,0,0,0,0
TTB,0,0,0,0,0
TSG,0,0,0,0,0
TCH,0,0,0,0,0
TLA,0,0,0,0,0
TOX,0,0,0,0,0
TPM,0,0,0,0,0
TME,0,0,0,0,0
TTC,0,0,0,0,0
TFP,0,0,0,0,0
TRF,0,0,0,0,0
TSC,0,0,0,0,0
TNS,0,0,0,0,0
TRO,0,0,0,0,0
TPA,0,0,0,0,0
TCS,0,0,0,0,0
TFS,0,0,0,0,0
TYO,0,0,0,0,0
TKR,0,0,0,0,0
TBH,0,0,0,0,0
TIL,0,0,0,0,0
TRG,0,0,0,0,0
TT2,0,0,0,0,0
TT1,0,0,0,0,0
TT7,0,0,0,0,0
2BE,0,0,0,0,0
TUC,0,0,0,0,0
TUG,0,0,0,0,0
TUL,0,0,0,0,0
TLL,0,0,0,0,0
TNR,0,0,0,0,0
TBG,0,0,0,0,0
TV2,0,0,0,0,0
TWT,0,0,0,0,0
TWH,0,0,0,0,0
TYA,0,0,0,0,0
TYN,0,0,0,0,0
TPT,0,0,0,0,0
UND,0,0,0,0,0
UCL,0,0,0,0,0
UMS,0,0,0,0,0
UEC,0,0,0,0,0
UFI,0,0,0,0,0
UGL,0,0,0,0,0
UIL,0,0,0,0,0
UPE,0,0,0,0,0
ULT,0,0,0,0,0
UPI,0,0,0,0,0
UNS,0,0,0,0,0
UTB,0,0,0,0,0
UNC,0,0,0,0,0
UAI,0,0,0,0,0
UCG,0,0,0,0,0
UEL,0,0,0,0,0
UNG,0,0,0,0,0
UMC,0,0,0,0,0
UTL,0,0,0,0,0
UWL,0,0,0,0,0
UML,0,0,0,0,0
UPG,0,0,0,0,0
UNV,0,0,0,0,0
UTC,0,0,0,0,0
UNP,0,0,0,0,0
UNW,0,0,0,0,0
UPD,0,0,0,0,0
UCE,0,0,0,0,0
UKL,0,0,0,0,0
URB,0,0,0,0,0
USM,0,0,0,0,0
USR,0,0,0,0,0
USC,0,0,0,0,0
UXA,0,0,0,0,0
UXC,0,0,0,0,0
VOF,0,0,0,0,0
VPG,0,0,0,0,0
VDM,0,0,0,0,0
VAH,0,0,0,0,0
VLI,0,0,0,0,0
VLY,0,0,0,0,0
VMX,0,0,0,0,0
VAM,0,0,0,0,0
VGS,1,1,1,0,3
VAN,0,0,0,0,0
VPM,0,0,0,0,0
VGO,0,0,0,0,0
VAP,1,1,1,0,3
VCL,0,0,0,0,0
VLT,0,0,0,0,0
VEL,0,0,0,0,0
VCM,0,0,0,0,0
VEC,0,0,0,0,0
VED,0,0,0,0,0
VCR,0,0,0,0,0
VFI,0,0,0,0,0
VAX,0,0,0,0,0
VRM,0,0,0,0,0
VT1,0,0,0,0,0
VSW,0,0,0,0,0
VES,0,0,0,0,0
VIC,0,0,0,0,0
VTP,0,0,0,0,0
VET,0,0,0,0,0
VLE,0,0,0,0,0
VPT,0,0,0,0,0
VYA,0,0,0,0,0
VID,0,0,0,0,0
VIE,0,0,0,0,0
VII,0,0,0,0,0
VKI,0,0,0,0,0
VWD,0,0,0,0,0
VLW,0,0,0,0,0
VRL,0,0,0,0,0
VMY,0,0,0,0,0
VNR,0,0,0,0,0
VLA,0,0,0,0,0
VIR,0,0,0,0,0
VRT,0,0,0,0,0
VSC,0,0,0,0,0
VSG,0,0,0,0,0
VEI,0,0,0,0,0
VSO,1,1,1,0,3
VTG,0,0,0,0,0
VPL,0,0,0,0,0
VTH,0,0,0,0,0
VTA,0,0,0,0,0
VIV,0,0,0,0,0
VOC,0,0,0,0,0
VGN,0,0,0,0,0
VLL,0,0,0,0,0
VNX,0,0,0,0,0
VXS,0,0,0,0,0
VOY,0,0,0,0,0
VRG,0,0,0,0,0
VCN,0,0,0,0,0
VLM,0,0,0,0,0
WAC,0,0,0,0,0
WKM,0,0,0,0,0
WDP,0,0,0,0,0
WAH,0,0,0,0,0
WKS,0,0,0,0,0
WKC,0,0,0,0,0
WAL,0,0,0,0,0
WLB,0,0,0,0,0
WJA,0,0,0,0,0
WTA,0,0,0,0,0
WCI,0,0,0,0,0
WHS,0,0,0,0,0
WGO,0,0,0,0,0
WCB,0,0,0,0,0
WNZ,0,0,0,0,0
WGF,0,0,0,0,0
WMK,0,0,0,0,0
WTR,0,0,0,0,0
WTP,0,0,0,0,0
WFH,0,0,0,0,0
WYL,0,0,0,0,0
WLS,0,0,0,0,0
WCP,0,0,0,0,0
WHW,0,0,0,0,0
WEH,0,0,0,0,0
WDE,0,0,0,0,0
WBA,0,0,0,0,0
WPM,0,0,0,0,0
WLL,0,0,0,0,0
WNP,0,0,0,0,0
WFI,0,0,0,0,0
WSG,0,0,0,0,0
WAN,0,0,0,0,0
WTE,0,0,0,0,0
WCH,0,0,0,0,0
WTQ,0,0,0,0,0
WSA,0,0,0,0,0
WAD,0,0,0,0,0
XWB,0,0,0,0,0
XWD,0,0,0,0,0
WDR,0,0,0,0,0
WUN,0,0,0,0,0
WEA,0,0,0,0,0
WFC,0,0,0,0,0
WFD,0,0,0,0,0
WDC,0,0,0,0,0
WSF,0,0,0,0,0
WRT,0,0,0,0,0
WBS,0,0,0,0,0
WIC,0,0,0,0,0
WMX,0,0,0,0,0
WBK,0,0,0,0,0
WPP,0,0,0,0,0
WCT,0,0,0,0,0
WPI,0,0,0,0,0
WTG,0,0,0,0,0
WRP,0,0,0,0,0
WCL,0,0,0,0,0
WTV,0,0,0,0,0
WWR,0,0,0,0,0
WEN,0,0,0,0,0
GZS,0,0,0,0,0
WIM,0,0,0,0,0
WCU,0,0,0,0,0
WRG,0,0,0,0,0
WHI,0,0,0,0,0
WHT,0,0,0,0,0
WLM,0,0,0,0,0
WHO,0,0,0,0,0
WHTMFI,0,0,0,0,0
AXSBSC,0,0,0,0,0
WNA,0,0,0,0,0
WIL,0,0,0,0,0
WIH,0,0,0,0,0
WND,0,0,0,0,0
WQW,0,0,0,0,0
WFE,0,0,0,0,0
WNS,0,0,0,0,0
WNO,0,0,0,0,0
WZI,0,0,0,0,0
WMR,0,0,0,0,0
WXT,0,0,0,0,0
WBW,0,0,0,0,0
WLF,0,0,0,0,0
WOF,0,0,0,0,0
WLC,0,0,0,0,0
WDI,0,0,0,0,0
WSK,0,0,0,0,0
WWA,0,0,0,0,0
WOC,0,0,0,0,0
WTF,0,0,0,0,0
WPG,0,0,0,0,0
WYI,0,0,0,0,0
WEW,0,0,0,0,0
XCD,0,0,0,0,0
XIP,0,0,0,0,0
XXL,0,0,0,0,0
XPD,0,0,0,0,0
XPL,0,0,0,0,0
YCN,0,0,0,0,0
YSF,0,0,0,0,0
YSL,0,0,0,0,0
YRK,0,0,0,0,0
YFZ,0,0,0,0,0
ZEL,0,0,0,0,0
ZAM,0,0,0,0,0
ZGM,0,0,0,0,0
ZAP,0,0,0,0,0
ZPS,0,0,0,0,0
ZBB,0,0,0,0,0
ZBT,0,0,0,0,0
ZDX,0,0,0,0,0
ZNT,0,0,0,0,0
ZEN,0,0,0,0,0
ZTL,0,0,0,0,0
ZEI,0,0,0,0,0
ZTA,0,0,0,0,0
ZHE,0,0,0,0,0
ZFX,0,0,0,0,0
ZKP,0,0,0,0,0
ZOD,0,0,0,0,0
ZRI,0,0,0,0,0
ZYB,0,0,0,0,0
CV1,0,0,0,0,0
CL8R,0,0,0,0,0
TMGR,0,0,0,0,0
AHQR,0,0,0,0,0
LNYDA,0,0,0,0,0
E33N,0,0,0,0,0
DDD,0,0,0,0,0
TGADA,0,0,0,0,0
SCTN,0,0,0,0,0
AARR,0,0,0,0,0
AQCN,0,0,0,0,0
BODN,0,0,0,0,0
LNY,0,0,0,0,0
PRXN,0,0,0,0,0
IXUN,0,0,0,0,0
FGLN,0,0,0,0,0
NSXN,0,0,0,0,0
BPHNE,0,0,0,0,0
TSCN,0,0,0,0,0
DW8N,0,0,0,0,0
DW8OA,0,0,0,0,0
TMHN,0,0,0,0,0
WBCPE,1,1,1,0,3
LNYOA,0,0,0,0,0
PBHO,0,0,0,0,0
AREN,0,0,0,0,0
SBRO,0,0,0,0,0
GWROA,0,0,0,0,0
ERWO,0,0,0,0,0
MGUO,0,0,0,0,0
NTLOB,0,0,0,0,0
ADDN,0,0,0,0,0
MEMN,0,0,0,0,0
YTMTL1,0,0,0,0,0
PRXR,0,0,0,0,0
UUVOA,0,0,0,0,0
MAYNC,0,0,0,0,0
AQCR,0,0,0,0,0
LRTN,0,0,0,0,0
IPBN,0,0,0,0,0
VOROB,0,0,0,0,0
KINN,0,0,0,0,0
PARN,0,0,0,0,0
VORDC,0,0,0,0,0
VORDB,0,0,0,0,0
KGDN,0,0,0,0,0
TRYN,0,0,0,0,0
PICNB,0,0,0,0,0
CPTND,0,0,0,0,0
WNBDB,0,0,0,0,0
WECDA,0,0,0,0,0
WQGNA,0,0,0,0,0
TMHR,0,0,0,0,0
ENXNB,0,0,0,0,0
WGBO,0,0,0,0,0
PKON,0,0,0,0,0
ICNO,0,0,0,0,0
MAYO,0,0,0,0,0
TMRN,0,0,0,0,0
VOR,0,0,0,0,0
YTMSG2,0,0,0,0,0
LVHN,0,0,0,0,0
IMEN,0,0,0,0,0
CCANC,0,0,0,0,0
PFTN,0,0,0,0,0
GMLDA,0,0,0,0,0
WNB,0,0,0,0,0
PICOA,0,0,0,0,0
GSNOA,0,0,0,0,0
DVLN,0,0,0,0,0
APCN,0,0,0,0,0
ENXOA,0,0,0,0,0
WQGOA,0,0,0,0,0
ANZN,0,0,0,0,0
BCNNC,0,0,0,0,0
KPOOE,0,0,0,0,0
AUNNB,0,0,0,0,0
M8SN,0,0,0,0,0
TTBO,0,0,0,0,0
PODN,0,0,0,0,0
BCNOB,0,0,0,0,0
DLCDA,0,0,0,0,0
WECN,0,0,0,0,0
AIQDA,0,0,0,0,0
MDCDA,0,0,0,0,0
ANZR,0,0,0,0,0
NMRN,0,0,0,0,0
CYMN,0,0,0,0,0
DYLND,0,0,0,0,0
WWIO,0,0,0,0,0
PH2DD,0,0,0,0,0
PCKN,0,0,0,0,0
DLC,0,0,0,0,0
GSNNB,0,0,0,0,0
WECR,0,0,0,0,0
SYANE,0,0,0,0,0
TPDDA,0,0,0,0,0
BMNDA,0,0,0,0,0
MIRNB,0,0,0,0,0
BPHOA,0,0,0,0,0
ALAOE,0,0,0,0,0
E2EDA,0,0,0,0,0
HYDO,0,0,0,0,0
KRROC,0,0,0,0,0
UUVDB,0,0,0,0,0
UUVDC,0,0,0,0,0
DCXN,0,0,0,0,0
1AGN,0,0,0,0,0
BWXN,0,0,0,0,0
NZSOA,0,0,0,0,0
AISDB,0,0,0,0,0
CLZDA,0,0,0,0,0
CLZDB,0,0,0,0,0
SYAOD,0,0,0,0,0
ROOO,0,0,0,0,0
E2E,0,0,0,0,0
VGMF,0,0,0,0,0
UUV,0,0,0,0,0
TNPDB,0,0,0,0,0
SRNNB,0,0,0,0,0
BRVNB,0,0,0,0,0
BRKNA,0,0,0,0,0
CLZOA,0,0,0,0,0
PBX,0,0,0,0,0
SI6ND,0,0,0,0,0
CZNO,0,0,0,0,0
AVWO,0,0,0,0,0
JATN,0,0,0,0,0
BPPN,0,0,0,0,0
AGENE,0,0,0,0,0
NESOA,0,0,0,0,0
HASDA,0,0,0,0,0
MMMDA,0,0,0,0,0
TNP,0,0,0,0,0
BASOC,0,0,0,0,0
BASNE,0,0,0,0,0
GCRDB,0,0,0,0,0
SI6OD,0,0,0,0,0
2BEO,0,0,0,0,0
PHLN,0,0,0,0,0
EVEN,0,0,0,0,0
AUZN,0,0,0,0,0
BRVO,0,0,0,0,0
BRKOB,0,0,0,0,0
SRNOC,0,0,0,0,0
RMLOA,0,0,0,0,0
LKENC,0,0,0,0,0
BEXN,0,0,0,0,0
SUNPF,0,0,0,0,0
AGEOB,0,0,0,0,0
WMCNF,0,0,0,0,0
GCXNA,0,0,0,0,0
GOLDA,0,0,0,0,0
NORO,0,0,0,0,0
NORN,0,0,0,0,0
EDEN,0,0,0,0,0
WWGN,0,0,0,0,0
OSLN,0,0,0,0,0
OKJO,0,0,0,0,0
MLSN,0,0,0,0,0
YPBDB,0,0,0,0,0
LKEOC,0,0,0,0,0
ATCNC,0,0,0,0,0
BRUN,0,0,0,0,0
ZMMDE,0,0,0,0,0
RESDA,0,0,0,0,0
HRNN,0,0,0,0,0
VGI,0,0,0,0,0
KKONB,0,0,0,0,0
GOLD,1,1,0,1,3
IPTNA,0,0,0,0,0
RLCN,0,0,0,0,0
SCLDB,0,0,0,0,0
M8SR,0,0,0,0,0
AMLN,0,0,0,0,0
MCTN,0,0,0,0,0
CVVNF,0,0,0,0,0
LPDOB,0,0,0,0,0
LOMOC,0,0,0,0,0
UBIN,0,0,0,0,0
MCTNC,0,0,0,0,0
SIHN,0,0,0,0,0
CHKNF,0,0,0,0,0
SELF,0,0,0,0,0
CGFPA,0,0,0,0,0
ESH,0,0,0,0,0
R3DN,0,0,0,0,0
WSIDB,0,0,0,0,0
CNJN,0,0,0,0,0
MLSOB,0,0,0,0,0
CYLOA,0,0,0,0,0
ESHOA,0,0,0,0,0
ATCOB,0,0,0,0,0
LPDNI,0,0,0,0,0
DDDOA,0,0,0,0,0
ISX,0,0,0,0,0
YTMQF3,0,0,0,0,0
MGTNF,0,0,0,0,0
AKNN,0,0,0,0,0
AKNOA,0,0,0,0,0
PGON,0,0,0,0,0
UBINA,0,0,0,0,0
WBEN,0,0,0,0,0
TNROB,0,0,0,0,0
CHKOA,0,0,0,0,0
MCTO,0,0,0,0,0
KKOR,0,0,0,0,0
IPTRA,0,0,0,0,0
HRNR,0,0,0,0,0
LPDOC,0,0,0,0,0
KGLN,0,0,0,0,0
GEVOA,0,0,0,0,0
NUHDB,0,0,0,0,0
CI1DB,0,0,0,0,0
ADSN,0,0,0,0,0
BASDA,0,0,0,0,0
BASDB,0,0,0,0,0
CXMN,0,0,0,0,0
EN1,0,0,0,0,0
MGTRE,0,0,0,0,0
RGLN,0,0,0,0,0
LAWN,0,0,0,0,0
PXXNA,0,0,0,0,0
AEVN,0,0,0,0,0
BASO,0,0,0,0,0
PNLDB,0,0,0,0,0
ZLDDG,0,0,0,0,0
PEKND,0,0,0,0,0
WAMN,0,0,0,0,0
HASND,0,0,0,0,0
BLGN,0,0,0,0,0
CZNN,0,0,0,0,0
TD1N,0,0,0,0,0
SBMNA,0,0,0,0,0
PEKOD,0,0,0,0,0
PE1NB,0,0,0,0,0
AGYN,0,0,0,0,0
SMNNB,0,0,0,0,0
HASO,0,0,0,0,0
CBAPF,1,1,1,0,3
MVLN,0,0,0,0,0
AO1N,0,0,0,0,0
SMRN,0,0,0,0,0
ANZPE,1,1,1,0,3
MOQN,0,0,0,0,0
AMNBA,0,0,0,0,0
GMNNB,0,0,0,0,0
BLZO,0,0,0,0,0
AGYO,0,0,0,0,0
LCKOA,0,0,0,0,0
DA1,0,0,0,0,0
